날짜,종가,오픈,고가,저가,거래량,변동 %
2022년 5월 18일,105.53,105.53,105.53,105.53,-,-1.27%
2022년 5월 17일,106.88,106.88,106.88,106.88,-,-1.40%
2022년 5월 16일,108.4,108.4,108.4,108.4,-,1.09%
2022년 5월 13일,107.23,107.23,107.23,107.23,-,2.45%
2022년 5월 12일,104.66,104.66,104.66,104.66,-,0.10%
2022년 5월 11일,104.56,104.56,104.56,104.56,-,4.12%
2022년 5월 10일,100.43,100.43,100.43,100.43,-,-2.30%
2022년 5월 9일,102.79,102.79,102.79,102.79,-,-4.44%
2022년 5월 6일,107.57,107.57,107.57,107.57,-,1.10%
2022년 5월 5일,106.4,106.4,106.4,106.4,-,0.41%
2022년 5월 4일,105.97,105.97,105.97,105.97,-,2.50%
2022년 5월 3일,103.39,103.39,103.39,103.39,-,-0.45%
2022년 5월 2일,103.86,103.86,103.86,103.86,-,1.04%
2022년 4월 29일,102.79,102.79,102.79,102.79,-,0.02%
2022년 4월 28일,102.76,102.76,102.76,102.76,-,0.07%
2022년 4월 27일,102.69,102.69,102.69,102.69,-,0.00%
2022년 4월 26일,102.69,102.69,102.69,102.69,-,0.39%
2022년 4월 25일,102.3,102.3,102.3,102.3,-,-1.09%
2022년 4월 22일,103.43,103.43,103.43,103.43,-,-0.40%
2022년 4월 21일,103.85,103.85,103.85,103.85,-,0.71%
2022년 4월 20일,103.12,103.12,103.12,103.12,-,0.02%
2022년 4월 19일,103.09,103.09,103.09,103.09,-,-2.22%
2022년 4월 18일,105.44,105.44,105.44,105.44,-,0.59%
2022년 4월 14일,104.82,104.82,104.82,104.82,-,1.08%
2022년 4월 13일,103.7,103.7,103.7,103.7,-,2.18%
2022년 4월 12일,101.49,101.49,101.49,101.49,-,4.61%
2022년 4월 11일,97.02,97.02,97.02,97.02,-,-2.71%
2022년 4월 8일,99.72,99.72,99.72,99.72,-,1.31%
2022년 4월 7일,98.42,98.42,98.42,98.42,-,-0.39%
2022년 4월 6일,98.81,98.81,98.81,98.81,-,-4.32%
2022년 4월 5일,103.27,103.27,103.27,103.27,-,-1.43%
2022년 4월 4일,104.77,104.77,104.77,104.77,-,2.86%
2022년 4월 1일,101.85,101.85,101.85,101.85,-,-8.15%
2022년 3월 31일,110.89,110.89,110.89,110.89,-,0.00%
2022년 3월 30일,110.89,110.89,110.89,110.89,-,0.31%
2022년 3월 29일,110.55,110.55,110.55,110.55,-,-0.26%
2022년 3월 28일,110.84,110.84,110.84,110.84,-,-1.12%
2022년 3월 25일,112.1,112.1,112.1,112.1,-,0.25%
2022년 3월 24일,111.82,111.82,111.82,111.82,-,-0.68%
2022년 3월 23일,112.59,112.59,112.59,112.59,-,1.04%
2022년 3월 22일,111.43,111.43,111.43,111.43,-,-0.27%
2022년 3월 21일,111.73,111.73,111.73,111.73,-,2.52%
2022년 3월 18일,108.99,108.99,108.99,108.99,-,0.19%
2022년 3월 17일,108.78,108.78,108.78,108.78,-,3.71%
2022년 3월 16일,104.89,104.89,104.89,104.89,-,-0.83%
2022년 3월 15일,105.76,105.76,105.76,105.76,-,-3.13%
2022년 3월 14일,109.18,109.18,109.18,109.18,-,-3.03%
2022년 3월 11일,112.59,112.59,112.59,112.59,-,2.17%
2022년 3월 10일,110.2,110.2,110.2,110.2,-,-0.59%
2022년 3월 9일,110.86,110.86,110.86,110.86,-,-9.53%
2022년 3월 8일,122.53,122.53,122.53,122.53,-,3.68%
2022년 3월 7일,118.18,118.18,118.18,118.18,-,2.81%
2022년 3월 4일,114.95,114.95,114.95,114.95,-,7.86%
2022년 3월 3일,106.58,106.58,106.58,106.58,-,-2.58%
2022년 3월 2일,109.4,109.4,109.4,109.4,-,7.25%
2022년 3월 1일,102,102,102,102,-,10.47%
2022년 2월 28일,92.34,92.34,92.34,92.34,-,0.45%
2022년 2월 25일,91.93,91.93,91.93,91.93,-,-0.16%
2022년 2월 24일,92.07,92.07,92.07,92.07,-,0.40%
2022년 2월 23일,91.7,91.7,91.7,91.7,-,-0.15%
2022년 2월 22일,91.84,91.84,91.84,91.84,-,1.04%
2022년 2월 18일,90.9,90.9,90.9,90.9,-,0.25%
2022년 2월 17일,90.67,90.67,90.67,90.67,-,-0.97%
2022년 2월 16일,91.56,91.56,91.56,91.56,-,0.77%
2022년 2월 15일,90.86,90.86,90.86,90.86,-,-1.89%
2022년 2월 14일,92.61,92.61,92.61,92.61,-,0.89%
2022년 2월 11일,91.79,91.79,91.79,91.79,-,2.08%
2022년 2월 10일,89.92,89.92,89.92,89.92,-,0.04%
2022년 2월 9일,89.88,89.88,89.88,89.88,-,0.67%
2022년 2월 8일,89.28,89.28,89.28,89.28,-,-1.63%
2022년 2월 7일,90.76,90.76,90.76,90.76,-,-0.33%
2022년 2월 4일,91.06,91.06,91.06,91.06,-,2.13%
2022년 2월 3일,89.16,89.16,89.16,89.16,-,1.58%
2022년 2월 2일,87.77,87.77,87.77,87.77,-,0.40%
2022년 2월 1일,87.42,87.42,87.42,87.42,-,4.76%
2022년 1월 31일,83.45,83.45,83.45,83.45,-,0.11%
2022년 1월 28일,83.36,83.36,83.36,83.36,-,0.04%
2022년 1월 27일,83.33,83.33,83.33,83.33,-,-0.07%
2022년 1월 26일,83.39,83.39,83.39,83.39,-,0.22%
2022년 1월 25일,83.21,83.21,83.21,83.21,-,0.41%
2022년 1월 24일,82.87,82.87,82.87,82.87,-,-0.50%
2022년 1월 21일,83.29,83.29,83.29,83.29,-,-0.25%
2022년 1월 20일,83.5,83.5,83.5,83.5,-,-0.07%
2022년 1월 19일,83.56,83.56,83.56,83.56,-,0.41%
2022년 1월 18일,83.22,83.22,83.22,83.22,-,1.15%
2022년 1월 14일,82.27,82.27,82.27,82.27,-,1.19%
2022년 1월 13일,81.3,81.3,81.3,81.3,-,-0.05%
2022년 1월 12일,81.34,81.34,81.34,81.34,-,0.68%
2022년 1월 11일,80.79,80.79,80.79,80.79,-,2.41%
2022년 1월 10일,78.89,78.89,78.89,78.89,-,-0.80%
2022년 1월 7일,79.53,79.53,79.53,79.53,-,-0.20%
2022년 1월 6일,79.69,79.69,79.69,79.69,-,1.12%
2022년 1월 5일,78.81,78.81,78.81,78.81,-,1.00%
2022년 1월 4일,78.03,78.03,78.03,78.03,-,1.30%
2022년 1월 3일,77.03,77.03,77.03,77.03,-,5.25%
2021년 12월 31일,73.19,73.19,73.19,73.19,-,-0.01%
2021년 12월 30일,73.2,73.2,73.2,73.2,-,-0.01%
2021년 12월 29일,73.21,73.21,73.21,73.21,-,0.06%
2021년 12월 28일,73.16,73.16,73.16,73.16,-,-0.05%
2021년 12월 27일,73.2,73.2,73.2,73.2,-,0.29%
2021년 12월 23일,72.99,72.99,72.99,72.99,-,0.39%
2021년 12월 22일,72.71,72.71,72.71,72.71,-,0.39%
2021년 12월 21일,72.42,72.42,72.42,72.42,-,1.07%
2021년 12월 20일,71.65,71.66,71.66,71.66,-,-1.07%
2021년 12월 17일,72.43,72.43,72.43,72.43,-,-0.81%
2021년 12월 16일,73.02,73.02,73.02,73.02,-,0.88%
2021년 12월 15일,72.38,72.38,72.38,72.38,-,0.22%
2021년 12월 14일,72.22,72.22,72.22,72.22,-,-0.67%
2021년 12월 13일,72.71,72.71,72.71,72.71,-,-0.66%
2021년 12월 10일,73.19,73.19,73.19,73.19,-,0.65%
2021년 12월 9일,72.72,72.72,72.72,72.72,-,-1.32%
2021년 12월 8일,73.69,73.69,73.69,73.69,-,0.21%
2021년 12월 7일,73.54,73.54,73.54,73.54,-,2.64%
2021년 12월 6일,71.65,71.65,71.65,71.65,-,3.98%
2021년 12월 3일,68.91,68.91,68.91,68.91,-,0.43%
2021년 12월 2일,68.62,68.62,68.62,68.62,-,1.30%
2021년 12월 1일,67.73,67.73,67.73,67.73,-,-15.62%
2021년 11월 30일,80.28,80.28,80.28,80.28,-,-0.04%
2021년 11월 29일,80.31,80.31,80.31,80.31,-,0.28%
2021년 11월 26일,80.08,80.08,80.08,80.08,-,-1.38%
2021년 11월 24일,81.2,81.2,81.2,81.2,-,-0.02%
2021년 11월 23일,81.22,81.22,81.22,81.22,-,0.83%
2021년 11월 22일,80.55,80.55,80.55,80.55,-,0.27%
2021년 11월 19일,80.33,80.33,80.33,80.33,-,-0.96%
2021년 11월 18일,81.11,81.11,81.11,81.11,-,0.43%
2021년 11월 17일,80.76,80.76,80.76,80.76,-,-1.11%
2021년 11월 16일,81.67,81.67,81.67,81.67,-,0.32%
2021년 11월 15일,81.41,81.41,81.41,81.41,-,-0.09%
2021년 11월 12일,81.48,81.48,81.48,81.48,-,-0.23%
2021년 11월 11일,81.67,81.67,81.67,81.67,-,0.49%
2021년 11월 10일,81.27,81.27,81.27,81.27,-,-1.59%
2021년 11월 9일,82.58,82.58,82.58,82.58,-,1.18%
2021년 11월 8일,81.62,81.62,81.62,81.62,-,0.84%
2021년 11월 5일,80.94,80.94,80.94,80.94,-,2.52%
2021년 11월 4일,78.95,78.95,78.95,78.95,-,-1.51%
2021년 11월 3일,80.16,80.16,80.16,80.16,-,-2.88%
2021년 11월 2일,82.54,82.54,82.54,82.54,-,0.18%
2021년 11월 1일,82.38,82.38,82.38,82.38,-,0.98%
2021년 10월 29일,81.58,81.58,81.58,81.58,-,0.04%
2021년 10월 28일,81.55,81.55,81.55,81.55,-,-0.06%
2021년 10월 27일,81.6,81.6,81.6,81.6,-,-0.27%
2021년 10월 26일,81.82,81.82,81.82,81.82,-,0.11%
2021년 10월 25일,81.73,81.73,81.73,81.73,-,0.14%
2021년 10월 22일,81.61,81.61,81.61,81.61,-,0.22%
2021년 10월 21일,81.44,81.44,81.44,81.44,-,-0.46%
2021년 10월 20일,81.81,81.81,81.81,81.81,-,0.24%
2021년 10월 19일,81.61,81.61,81.61,81.61,-,0.37%
2021년 10월 18일,81.31,81.31,81.31,81.31,-,-0.24%
2021년 10월 15일,81.51,81.51,81.51,81.51,-,0.69%
2021년 10월 14일,80.95,80.95,80.95,80.95,-,0.63%
2021년 10월 13일,80.45,80.45,80.45,80.45,-,-0.17%
2021년 10월 12일,80.58,80.58,80.58,80.58,-,-0.12%
2021년 10월 11일,80.68,80.68,80.68,80.68,-,1.15%
2021년 10월 8일,79.76,79.76,79.76,79.76,-,0.39%
2021년 10월 7일,79.45,79.45,79.45,79.45,-,0.96%
2021년 10월 6일,78.69,78.69,78.69,78.69,-,-1.28%
2021년 10월 5일,79.71,79.71,79.71,79.71,-,1.51%
2021년 10월 4일,78.52,78.52,78.52,78.52,-,2.29%
2021년 10월 1일,76.77,76.77,76.77,76.77,-,5.73%
2021년 9월 30일,72.61,72.61,72.61,72.61,-,0.05%
2021년 9월 29일,72.57,72.57,72.57,72.57,-,-0.08%
2021년 9월 28일,72.63,72.63,72.63,72.63,-,0.02%
2021년 9월 27일,72.61,72.61,72.61,72.61,-,0.22%
2021년 9월 24일,72.45,72.45,72.45,72.45,-,0.13%
2021년 9월 23일,72.35,72.35,72.35,72.35,-,0.29%
2021년 9월 22일,72.14,72.14,72.14,72.14,-,0.79%
2021년 9월 21일,71.57,71.57,71.57,71.57,-,0.30%
2021년 9월 20일,71.36,71.36,71.36,71.36,-,-0.78%
2021년 9월 17일,71.92,71.92,71.92,71.92,-,-0.22%
2021년 9월 16일,72.07,72.07,72.07,72.07,-,-0.02%
2021년 9월 15일,72.09,72.09,72.09,72.09,-,1.26%
2021년 9월 14일,71.19,71.19,71.19,71.19,-,0.12%
2021년 9월 13일,71.11,71.11,71.11,71.11,-,0.58%
2021년 9월 10일,70.7,70.7,70.7,70.7,-,1.54%
2021년 9월 9일,69.63,69.63,69.63,69.63,-,-1.06%
2021년 9월 8일,70.38,70.38,70.38,70.38,-,0.96%
2021년 9월 7일,69.71,69.71,69.71,69.71,-,-1.32%
2021년 9월 3일,70.64,70.64,70.64,70.64,-,-0.81%
2021년 9월 2일,71.22,71.22,71.22,71.22,-,1.85%
2021년 9월 1일,69.92,69.92,69.92,69.92,-,0.63%
2021년 8월 31일,69.49,69.49,69.49,69.49,-,0.03%
2021년 8월 30일,69.46,69.46,69.46,69.46,-,0.03%
2021년 8월 27일,69.44,69.44,69.44,69.44,-,0.29%
2021년 8월 26일,69.24,69.24,69.24,69.24,-,-0.31%
2021년 8월 25일,69.45,69.45,69.45,69.45,-,0.21%
2021년 8월 24일,69.31,69.31,69.31,69.31,-,0.80%
2021년 8월 23일,68.76,68.76,68.76,68.76,-,1.72%
2021년 8월 20일,67.6,67.6,67.6,67.6,-,-0.63%
2021년 8월 19일,68.03,68.03,68.03,68.03,-,-1.33%
2021년 8월 18일,68.95,68.95,68.95,68.95,-,-0.56%
2021년 8월 17일,69.33,69.33,69.33,69.33,-,-0.28%
2021년 8월 16일,69.53,69.53,69.53,69.53,-,-0.75%
2021년 8월 13일,70.05,70.05,70.05,70.05,-,-0.55%
2021년 8월 12일,70.44,70.44,70.44,70.44,-,0.02%
2021년 8월 11일,70.42,70.42,70.42,70.42,-,1.02%
2021년 8월 10일,69.71,69.71,69.71,69.71,-,1.78%
2021년 8월 9일,68.49,68.49,68.49,68.49,-,-1.79%
2021년 8월 6일,69.74,69.74,69.74,69.74,-,-0.68%
2021년 8월 5일,70.22,70.22,70.22,70.22,-,1.21%
2021년 8월 4일,69.39,69.39,69.39,69.39,-,-2.20%
2021년 8월 3일,70.95,70.95,70.95,70.95,-,-0.60%
2021년 8월 2일,71.37,71.37,71.37,71.37,-,-2.10%
2021년 7월 30일,72.9,72.9,72.9,72.9,-,0.01%
2021년 7월 29일,72.89,72.89,72.89,72.89,-,0.11%
2021년 7월 28일,72.81,72.81,72.81,72.81,-,0.00%
2021년 7월 27일,72.81,72.81,72.81,72.81,-,-0.03%
2021년 7월 26일,72.83,72.83,72.83,72.83,-,-0.05%
2021년 7월 23일,72.87,72.87,72.87,72.87,-,0.08%
2021년 7월 22일,72.81,72.81,72.81,72.81,-,0.73%
2021년 7월 21일,72.28,72.28,72.28,72.28,-,1.40%
2021년 7월 20일,71.28,71.28,71.28,71.28,-,0.39%
2021년 7월 19일,71.01,71.01,71.01,71.01,-,-2.62%
2021년 7월 16일,72.92,72.92,72.92,72.92,-,0.12%
2021년 7월 15일,72.83,72.83,72.83,72.83,-,-0.89%
2021년 7월 14일,73.48,73.48,73.48,73.48,-,-1.18%
2021년 7월 13일,74.36,74.36,74.36,74.36,-,1.12%
2021년 7월 12일,73.54,73.54,73.54,73.54,-,-0.24%
2021년 7월 9일,73.72,73.72,73.72,73.72,-,1.57%
2021년 7월 8일,72.58,72.58,72.58,72.58,-,0.68%
2021년 7월 7일,72.08,72.08,72.08,72.08,-,-1.16%
2021년 7월 6일,72.93,72.93,72.93,72.93,-,-1.76%
2021년 7월 2일,74.23,74.23,74.23,74.23,-,0.48%
2021년 7월 1일,73.88,73.88,73.88,73.88,-,3.23%
2021년 6월 30일,71.57,71.57,71.57,71.57,-,0.00%
2021년 6월 29일,71.57,71.57,71.57,71.57,-,0.05%
2021년 6월 28일,71.54,71.54,71.54,71.54,-,-0.16%
2021년 6월 25일,71.65,71.65,71.65,71.65,-,0.08%
2021년 6월 24일,71.6,71.6,71.6,71.6,-,0.11%
2021년 6월 23일,71.52,71.52,71.52,71.52,-,0.15%
2021년 6월 22일,71.41,71.41,71.41,71.41,-,-0.09%
2021년 6월 21일,71.48,71.48,71.48,71.48,-,0.57%
2021년 6월 18일,71.07,71.07,71.07,71.07,-,0.19%
2021년 6월 17일,70.94,70.94,70.94,70.94,-,-0.87%
2021년 6월 16일,71.56,71.56,71.56,71.56,-,0.24%
2021년 6월 15일,71.39,71.39,71.39,71.39,-,0.86%
2021년 6월 14일,70.78,70.78,70.78,70.78,-,0.24%
2021년 6월 11일,70.61,70.61,70.61,70.61,-,0.13%
2021년 6월 10일,70.52,70.52,70.52,70.52,-,0.25%
2021년 6월 9일,70.34,70.34,70.34,70.34,-,-0.03%
2021년 6월 8일,70.36,70.36,70.36,70.36,-,0.75%
2021년 6월 7일,69.84,69.84,69.84,69.84,-,-0.27%
2021년 6월 4일,70.03,70.03,70.03,70.03,-,0.81%
2021년 6월 3일,69.47,69.47,69.47,69.47,-,-0.04%
2021년 6월 2일,69.5,69.5,69.5,69.5,-,1.47%
2021년 6월 1일,68.49,68.49,68.49,68.49,-,3.34%
2021년 5월 28일,66.28,66.28,66.28,66.28,-,-0.06%
2021년 5월 27일,66.32,66.32,66.32,66.32,-,-0.03%
2021년 5월 26일,66.33,66.33,66.33,66.33,-,0.05%
2021년 5월 25일,66.3,66.3,66.3,66.3,-,0.06%
2021년 5월 24일,66.26,66.26,66.26,66.26,-,0.82%
2021년 5월 21일,65.73,65.73,65.73,65.73,-,0.51%
2021년 5월 20일,65.39,65.39,65.39,65.39,-,-0.79%
2021년 5월 19일,65.92,65.92,65.92,65.92,-,-1.09%
2021년 5월 18일,66.64,66.64,66.64,66.64,-,-0.27%
2021년 5월 17일,66.82,66.82,66.82,66.82,-,0.74%
2021년 5월 14일,66.33,66.33,66.33,66.33,-,1.39%
2021년 5월 13일,65.42,65.42,65.42,65.42,-,-2.02%
2021년 5월 12일,66.77,66.77,66.77,66.77,-,0.68%
2021년 5월 11일,66.32,66.32,66.32,66.32,-,0.18%
2021년 5월 10일,66.2,66.2,66.2,66.2,-,0.09%
2021년 5월 7일,66.15,66.15,66.15,66.15,-,0.21%
2021년 5월 6일,66.01,66.01,66.01,66.01,-,-0.97%
2021년 5월 5일,66.65,66.65,66.65,66.65,-,0.47%
2021년 5월 4일,66.35,66.35,66.35,66.35,-,2.03%
2021년 5월 3일,65.03,65.03,65.03,65.03,-,3.39%
2021년 4월 30일,62.89,62.89,62.89,62.89,-,0.00%
2021년 4월 29일,62.9,62.9,62.9,62.9,-,0.13%
2021년 4월 28일,62.81,62.81,62.81,62.81,-,0.11%
2021년 4월 27일,62.75,62.75,62.75,62.75,-,0.21%
2021년 4월 26일,62.62,62.62,62.62,62.62,-,-0.30%
2021년 4월 23일,62.8,62.8,62.8,62.8,-,0.19%
2021년 4월 22일,62.68,62.68,62.68,62.68,-,-0.05%
2021년 4월 21일,62.71,62.71,62.71,62.71,-,-0.81%
2021년 4월 20일,63.23,63.23,63.23,63.23,-,-0.39%
2021년 4월 19일,63.47,63.47,63.47,63.47,-,0.09%
2021년 4월 16일,63.42,63.42,63.42,63.42,-,-0.10%
2021년 4월 15일,63.48,63.48,63.48,63.48,-,0.34%
2021년 4월 14일,63.26,63.26,63.26,63.26,-,2.82%
2021년 4월 13일,61.53,61.53,61.53,61.53,-,0.37%
2021년 4월 12일,61.3,61.3,61.3,61.3,-,0.19%
2021년 4월 9일,61.19,61.19,61.19,61.19,-,-0.45%
2021년 4월 8일,61.47,61.47,61.47,61.47,-,0.02%
2021년 4월 7일,61.46,61.46,61.46,61.46,-,0.82%
2021년 4월 6일,60.96,60.96,60.96,60.96,-,0.41%
2021년 4월 5일,60.71,60.71,60.71,60.71,-,-4.05%
2021년 4월 1일,63.27,63.27,63.27,63.27,-,-1.78%
2021년 3월 31일,64.41,64.41,64.41,64.41,-,0.01%
2021년 3월 30일,64.41,64.41,64.41,64.41,-,-0.02%
2021년 3월 29일,64.42,64.42,64.42,64.42,-,-0.02%
2021년 3월 26일,64.43,64.43,64.43,64.43,-,0.61%
2021년 3월 25일,64.05,64.05,64.05,64.05,-,-0.71%
2021년 3월 24일,64.5,64.5,64.5,64.5,-,1.23%
2021년 3월 23일,63.72,63.72,63.72,63.72,-,-1.52%
2021년 3월 22일,64.71,64.71,64.71,64.71,-,0.21%
2021년 3월 19일,64.57,64.57,64.57,64.57,-,1.05%
2021년 3월 18일,63.9,63.9,63.9,63.9,-,-2.84%
2021년 3월 17일,65.77,65.77,65.77,65.77,-,-0.43%
2021년 3월 16일,66.05,66.05,66.05,66.05,-,-0.49%
2021년 3월 15일,66.38,66.38,66.38,66.38,-,-0.19%
2021년 3월 12일,66.5,66.5,66.5,66.5,-,-0.22%
2021년 3월 11일,66.65,66.65,66.65,66.65,-,1.69%
2021년 3월 10일,65.54,65.54,65.54,65.54,-,0.26%
2021년 3월 9일,65.37,65.37,65.37,65.37,-,-0.70%
2021년 3월 8일,65.84,65.84,65.84,65.84,-,-1.58%
2021년 3월 5일,66.89,66.89,66.89,66.89,-,3.23%
2021년 3월 4일,64.8,64.8,64.8,64.8,-,3.59%
2021년 3월 3일,62.55,62.55,62.55,62.55,-,2.00%
2021년 3월 2일,61.33,61.33,61.33,61.33,-,-1.53%
2021년 3월 1일,62.28,62.28,62.28,62.28,-,2.34%
2021년 2월 26일,60.85,60.85,60.85,60.85,-,0.03%
2021년 2월 25일,60.84,60.84,60.84,60.84,-,0.04%
2021년 2월 24일,60.81,60.81,60.81,60.81,-,0.29%
2021년 2월 23일,60.63,60.63,60.63,60.63,-,0.02%
2021년 2월 22일,60.62,60.62,60.62,60.62,-,0.70%
2021년 2월 19일,60.2,60.2,60.2,60.2,-,-0.66%
2021년 2월 18일,60.59,60.59,60.59,60.59,-,-0.49%
2021년 2월 17일,60.89,60.89,60.89,60.89,-,0.48%
2021년 2월 16일,60.6,60.6,60.6,60.6,-,0.61%
2021년 2월 12일,60.23,60.23,60.23,60.23,-,1.13%
2021년 2월 11일,59.56,59.56,59.56,59.56,-,-0.23%
2021년 2월 10일,59.69,59.69,59.69,59.69,-,0.10%
2021년 2월 9일,59.63,59.63,59.63,59.63,-,0.45%
2021년 2월 8일,59.36,59.36,59.36,59.36,-,1.65%
2021년 2월 5일,58.4,58.4,58.4,58.4,-,0.74%
2021년 2월 4일,57.97,57.97,57.97,57.97,-,0.48%
2021년 2월 3일,57.69,57.69,57.69,57.69,-,1.73%
2021년 2월 2일,56.71,56.71,56.71,56.71,-,1.88%
2021년 2월 1일,55.66,55.66,55.66,55.66,-,1.62%
2021년 1월 29일,54.77,54.77,54.77,54.77,-,0.02%
2021년 1월 28일,54.76,54.76,54.76,54.76,-,-0.09%
2021년 1월 27일,54.81,54.81,54.81,54.81,-,-0.02%
2021년 1월 26일,54.82,54.82,54.82,54.82,-,-0.08%
2021년 1월 25일,54.87,54.87,54.87,54.87,-,0.20%
2021년 1월 22일,54.76,54.76,54.76,54.76,-,-0.35%
2021년 1월 21일,54.95,54.95,54.95,54.95,-,-0.02%
2021년 1월 20일,54.97,54.97,54.97,54.97,-,0.14%
2021년 1월 19일,54.89,54.89,54.89,54.89,-,0.66%
2021년 1월 15일,54.53,54.53,54.53,54.53,-,-1.15%
2021년 1월 14일,55.17,55.17,55.17,55.17,-,0.37%
2021년 1월 13일,54.96,54.96,54.96,54.96,-,-0.73%
2021년 1월 12일,55.37,55.37,55.37,55.37,-,1.08%
2021년 1월 11일,54.78,54.78,54.78,54.78,-,-0.51%
2021년 1월 8일,55.06,55.06,55.06,55.06,-,2.37%
2021년 1월 7일,53.78,53.78,53.78,53.78,-,0.28%
2021년 1월 6일,53.63,53.63,53.63,53.63,-,1.50%
2021년 1월 5일,52.84,52.84,52.84,52.84,-,4.40%
2021년 1월 4일,50.61,50.61,50.61,50.61,-,1.60%
2020년 12월 31일,49.81,49.81,49.81,49.81,-,0.00%
2020년 12월 30일,49.82,49.82,49.82,49.82,-,0.07%
2020년 12월 29일,49.78,49.78,49.78,49.78,-,0.01%
2020년 12월 28일,49.77,49.77,49.77,49.77,-,-0.13%
2020년 12월 24일,49.84,49.84,49.84,49.84,-,0.04%
2020년 12월 23일,49.81,49.81,49.81,49.81,-,0.49%
2020년 12월 22일,49.57,49.57,49.57,49.57,-,-0.58%
2020년 12월 21일,49.86,49.86,49.86,49.86,-,-0.96%
2020년 12월 18일,50.34,50.34,50.34,50.34,-,0.53%
2020년 12월 17일,50.08,50.08,50.08,50.08,-,0.23%
2020년 12월 16일,49.96,49.96,49.96,49.96,-,0.30%
2020년 12월 15일,49.81,49.81,49.81,49.81,-,0.72%
2020년 12월 14일,49.46,49.46,49.46,49.46,-,0.48%
2020년 12월 11일,49.22,49.22,49.22,49.22,-,-0.13%
2020년 12월 10일,49.29,49.29,49.29,49.29,-,1.80%
2020년 12월 9일,48.42,48.42,48.42,48.42,-,0.28%
2020년 12월 8일,48.28,48.28,48.28,48.28,-,0.12%
2020년 12월 7일,48.23,48.23,48.23,48.23,-,-0.26%
2020년 12월 4일,48.35,48.35,48.35,48.35,-,0.65%
2020년 12월 3일,48.04,48.04,48.04,48.04,-,0.78%
2020년 12월 2일,47.67,47.67,47.67,47.67,-,1.51%
2020년 12월 1일,46.96,46.96,46.96,46.96,-,8.22%
2020년 11월 30일,43.39,43.39,43.39,43.39,-,-0.10%
2020년 11월 27일,43.44,43.44,43.44,43.44,-,-0.19%
2020년 11월 25일,43.52,43.52,43.52,43.52,-,0.29%
2020년 11월 24일,43.4,43.4,43.4,43.4,-,0.74%
2020년 11월 23일,43.08,43.08,43.08,43.08,-,0.55%
2020년 11월 20일,42.84,42.84,42.84,42.84,-,0.57%
2020년 11월 19일,42.6,42.6,42.6,42.6,-,-0.22%
2020년 11월 18일,42.69,42.69,42.69,42.69,-,0.48%
2020년 11월 17일,42.49,42.49,42.49,42.49,-,-0.08%
2020년 11월 16일,42.52,42.52,42.52,42.52,-,1.55%
2020년 11월 13일,41.87,41.87,41.87,41.87,-,-1.17%
2020년 11월 12일,42.37,42.37,42.37,42.37,-,0.03%
2020년 11월 11일,42.36,42.36,42.36,42.36,-,0.39%
2020년 11월 10일,42.19,42.19,42.19,42.19,-,1.90%
2020년 11월 9일,41.4,41.4,41.4,41.4,-,5.40%
2020년 11월 6일,39.28,39.28,39.28,39.28,-,-2.14%
2020년 11월 5일,40.14,40.14,40.14,40.14,-,-1.00%
2020년 11월 4일,40.55,40.55,40.55,40.55,-,3.54%
2020년 11월 3일,39.16,39.16,39.16,39.16,-,2.11%
2020년 11월 2일,38.36,38.36,38.36,38.36,-,-5.67%
2020년 10월 30일,40.66,40.66,40.66,40.66,-,-0.05%
2020년 10월 29일,40.68,40.68,40.68,40.68,-,-0.17%
2020년 10월 28일,40.75,40.75,40.75,40.75,-,-0.56%
2020년 10월 27일,40.98,40.98,40.98,40.98,-,0.23%
2020년 10월 26일,40.89,40.89,40.89,40.89,-,-0.62%
2020년 10월 23일,41.14,41.14,41.14,41.14,-,-0.40%
2020년 10월 22일,41.31,41.31,41.31,41.31,-,0.58%
2020년 10월 21일,41.07,41.07,41.07,41.07,-,-1.26%
2020년 10월 20일,41.59,41.59,41.59,41.59,-,0.52%
2020년 10월 19일,41.37,41.37,41.37,41.37,-,-0.26%
2020년 10월 16일,41.48,41.48,41.48,41.48,-,-0.40%
2020년 10월 15일,41.65,41.65,41.65,41.65,-,-0.31%
2020년 10월 14일,41.78,41.78,41.78,41.78,-,1.31%
2020년 10월 13일,41.24,41.24,41.24,41.24,-,1.13%
2020년 10월 12일,40.78,40.78,40.78,40.78,-,-1.69%
2020년 10월 9일,41.48,41.48,41.48,41.48,-,-0.94%
2020년 10월 8일,41.88,41.88,41.88,41.88,-,2.19%
2020년 10월 7일,40.98,40.98,40.98,40.98,-,-1.41%
2020년 10월 6일,41.56,41.56,41.56,41.56,-,2.83%
2020년 10월 5일,40.42,40.42,40.42,40.42,-,5.04%
2020년 10월 2일,38.48,38.48,38.48,38.48,-,-4.53%
2020년 10월 1일,40.3,40.3,40.3,40.3,-,-2.87%
2020년 9월 30일,41.49,41.49,41.49,41.49,-,-0.09%
2020년 9월 29일,41.53,41.53,41.53,41.53,-,-0.22%
2020년 9월 28일,41.62,41.62,41.62,41.62,-,0.05%
2020년 9월 25일,41.6,41.6,41.6,41.6,-,0.09%
2020년 9월 24일,41.56,41.56,41.56,41.56,-,0.19%
2020년 9월 23일,41.49,41.49,41.49,41.49,-,-0.02%
2020년 9월 22일,41.5,41.5,41.5,41.5,-,0.21%
2020년 9월 21일,41.41,41.41,41.41,41.41,-,-1.43%
2020년 9월 18일,42.01,42.01,42.01,42.01,-,-0.02%
2020년 9월 17일,42.02,42.02,42.02,42.02,-,1.06%
2020년 9월 16일,41.58,41.58,41.58,41.58,-,2.18%
2020년 9월 15일,40.69,40.69,40.69,40.69,-,1.34%
2020년 9월 14일,40.15,40.15,40.15,40.15,-,-0.23%
2020년 9월 11일,40.24,40.24,40.24,40.24,-,-0.01%
2020년 9월 10일,40.25,40.25,40.25,40.25,-,-1.29%
2020년 9월 9일,40.78,40.78,40.78,40.78,-,1.44%
2020년 9월 8일,40.2,40.2,40.2,40.2,-,-5.67%
2020년 9월 4일,42.61,42.61,42.61,42.61,-,-2.29%
2020년 9월 3일,43.61,43.61,43.61,43.61,-,-0.50%
2020년 9월 2일,43.83,43.83,43.83,43.83,-,-2.27%
2020년 9월 1일,44.85,44.85,44.85,44.85,-,1.95%
2020년 8월 31일,43.99,43.99,43.99,43.99,-,0.10%
2020년 8월 28일,43.94,43.94,43.94,43.94,-,-0.05%
2020년 8월 27일,43.96,43.96,43.96,43.96,-,0.00%
2020년 8월 26일,43.96,43.96,43.96,43.96,-,-0.09%
2020년 8월 25일,44,44,44,44,-,0.20%
2020년 8월 24일,43.91,43.91,43.91,43.91,-,0.50%
2020년 8월 21일,43.69,43.69,43.69,43.69,-,-0.21%
2020년 8월 20일,43.78,43.78,43.78,43.78,-,-0.39%
2020년 8월 19일,43.96,43.96,43.96,43.96,-,-0.01%
2020년 8월 18일,43.96,43.96,43.96,43.96,-,0.42%
2020년 8월 17일,43.78,43.78,43.78,43.78,-,0.89%
2020년 8월 14일,43.39,43.39,43.39,43.39,-,-0.45%
2020년 8월 13일,43.59,43.59,43.59,43.59,-,-0.87%
2020년 8월 12일,43.97,43.97,43.97,43.97,-,1.36%
2020년 8월 11일,43.38,43.38,43.38,43.38,-,-0.92%
2020년 8월 10일,43.78,43.78,43.78,43.78,-,1.03%
2020년 8월 7일,43.33,43.33,43.33,43.33,-,-0.64%
2020년 8월 6일,43.61,43.61,43.61,43.61,-,-0.60%
2020년 8월 5일,43.88,43.88,43.88,43.88,-,1.11%
2020년 8월 4일,43.4,43.4,43.4,43.4,-,0.02%
2020년 8월 3일,43.39,43.39,43.39,43.39,-,1.98%
2020년 7월 31일,42.54,42.54,42.54,42.54,-,-1.70%
2020년 7월 30일,43.28,43.28,43.28,43.28,-,-0.04%
2020년 7월 29일,43.29,43.29,43.29,43.29,-,0.03%
2020년 7월 28일,43.28,43.28,43.28,43.28,-,-0.12%
2020년 7월 27일,43.33,43.33,43.33,43.33,-,0.11%
2020년 7월 24일,43.28,43.28,43.28,43.28,-,-0.04%
2020년 7월 23일,43.3,43.3,43.3,43.3,-,-0.72%
2020년 7월 22일,43.62,43.62,43.62,43.62,-,0.08%
2020년 7월 21일,43.58,43.58,43.58,43.58,-,1.22%
2020년 7월 20일,43.05,43.05,43.05,43.05,-,0.13%
2020년 7월 17일,43,43,43,43,-,-0.70%
2020년 7월 16일,43.3,43.3,43.3,43.3,-,-1.10%
2020년 7월 15일,43.78,43.78,43.78,43.78,-,1.31%
2020년 7월 14일,43.22,43.22,43.22,43.22,-,0.28%
2020년 7월 13일,43.1,43.1,43.1,43.1,-,-0.70%
2020년 7월 10일,43.4,43.4,43.4,43.4,-,1.43%
2020년 7월 9일,42.79,42.79,42.79,42.79,-,-1.16%
2020년 7월 8일,43.29,43.29,43.29,43.29,-,0.47%
2020년 7월 7일,43.09,43.09,43.09,43.09,-,0.46%
2020년 7월 6일,42.89,42.89,42.89,42.89,-,-0.72%
2020년 7월 2일,43.2,43.2,43.2,43.2,-,2.23%
2020년 7월 1일,42.26,42.26,42.26,42.26,-,3.60%
2020년 6월 30일,40.79,40.79,40.79,40.79,-,-0.01%
2020년 6월 29일,40.8,40.8,40.8,40.8,-,-0.02%
2020년 6월 26일,40.81,40.81,40.81,40.81,-,0.05%
2020년 6월 25일,40.78,40.78,40.78,40.78,-,0.35%
2020년 6월 24일,40.64,40.64,40.64,40.64,-,-0.97%
2020년 6월 23일,41.04,41.04,41.04,41.04,-,-0.20%
2020년 6월 22일,41.12,41.12,41.12,41.12,-,0.12%
2020년 6월 19일,41.07,41.07,41.07,41.07,-,1.09%
2020년 6월 18일,40.63,40.63,40.63,40.63,-,1.00%
2020년 6월 17일,40.23,40.23,40.23,40.23,-,-0.14%
2020년 6월 16일,40.28,40.28,40.28,40.28,-,1.08%
2020년 6월 15일,39.85,39.85,39.85,39.85,-,0.89%
2020년 6월 12일,39.5,39.5,39.5,39.5,-,0.15%
2020년 6월 11일,39.44,39.44,39.44,39.44,-,-5.01%
2020년 6월 10일,41.52,41.52,41.52,41.52,-,1.72%
2020년 6월 9일,40.82,40.82,40.82,40.82,-,0.31%
2020년 6월 8일,40.69,40.69,40.69,40.69,-,-1.51%
2020년 6월 5일,41.32,41.32,41.32,41.32,-,5.53%
2020년 6월 4일,39.15,39.15,39.15,39.15,-,-0.27%
2020년 6월 3일,39.26,39.26,39.26,39.26,-,0.21%
2020년 6월 2일,39.17,39.17,39.17,39.17,-,2.23%
2020년 6월 1일,38.32,38.32,38.32,38.32,-,25.77%
2020년 5월 29일,30.47,30.47,30.47,30.47,-,-0.15%
2020년 5월 28일,30.51,30.51,30.51,30.51,-,0.28%
2020년 5월 27일,30.43,30.43,30.43,30.43,-,-0.53%
2020년 5월 26일,30.59,30.59,30.59,30.59,-,0.82%
2020년 5월 22일,30.34,30.34,30.34,30.34,-,-0.92%
2020년 5월 21일,30.62,30.62,30.62,30.62,-,0.18%
2020년 5월 20일,30.57,30.57,30.57,30.57,-,0.49%
2020년 5월 19일,30.42,30.42,30.42,30.42,-,-0.42%
2020년 5월 18일,30.55,30.55,30.55,30.55,-,2.51%
2020년 5월 15일,29.8,29.8,29.8,29.8,-,2.05%
2020년 5월 14일,29.2,29.2,29.2,29.2,-,9.45%
2020년 5월 13일,26.68,26.68,26.68,26.68,-,-0.48%
2020년 5월 12일,26.81,26.81,26.81,26.81,-,-1.69%
2020년 5월 11일,27.27,27.27,27.27,27.27,-,-4.45%
2020년 5월 8일,28.54,28.54,28.54,28.54,-,5.16%
2020년 5월 7일,27.14,27.14,27.14,27.14,-,-0.77%
2020년 5월 6일,27.35,27.35,27.35,27.35,-,-5.49%
2020년 5월 5일,28.94,28.94,28.94,28.94,-,10.46%
2020년 5월 4일,26.2,26.2,26.2,26.2,-,3.56%
2020년 5월 1일,25.3,25.3,25.3,25.3,-,24.08%
2020년 4월 30일,20.39,20.39,20.39,20.39,-,0.05%
2020년 4월 29일,20.38,20.38,20.38,20.38,-,-0.15%
2020년 4월 28일,20.41,20.41,20.41,20.41,-,0.20%
2020년 4월 27일,20.37,20.37,20.37,20.37,-,-0.39%
2020년 4월 24일,20.45,20.45,20.45,20.45,-,0.00%
2020년 4월 23일,20.45,20.45,20.45,20.45,-,2.25%
2020년 4월 22일,20,20,20,20,-,4.88%
2020년 4월 21일,19.07,19.07,19.07,19.07,-,-11.18%
2020년 4월 20일,21.47,21.47,21.47,21.47,-,-3.42%
2020년 4월 17일,22.23,22.23,22.23,22.23,-,2.40%
2020년 4월 16일,21.71,21.71,21.71,21.71,-,1.16%
2020년 4월 15일,21.46,21.46,21.46,21.46,-,-2.28%
2020년 4월 14일,21.96,21.96,21.96,21.96,-,-11.24%
2020년 4월 13일,24.74,24.74,24.74,24.74,-,6.36%
2020년 4월 9일,23.26,23.26,23.26,23.26,-,-11.09%
2020년 4월 8일,26.16,26.16,26.16,26.16,-,0.62%
2020년 4월 7일,26,26,26,26,-,-5.28%
2020년 4월 6일,27.45,27.45,27.45,27.45,-,-6.60%
2020년 4월 3일,29.39,29.39,29.39,29.39,-,12.35%
2020년 4월 2일,26.16,26.16,26.16,26.16,-,16.47%
2020년 4월 1일,22.46,22.46,22.46,22.46,-,-33.35%
2020년 3월 31일,33.7,33.7,33.7,33.7,-,-0.41%
2020년 3월 30일,33.84,33.84,33.84,33.84,-,-0.21%
2020년 3월 27일,33.91,33.91,33.91,33.91,-,-0.47%
2020년 3월 26일,34.07,34.07,34.07,34.07,-,-0.23%
2020년 3월 25일,34.15,34.15,34.15,34.15,-,0.47%
2020년 3월 24일,33.99,33.99,33.99,33.99,-,0.09%
2020년 3월 23일,33.96,33.96,33.96,33.96,-,-0.26%
2020년 3월 20일,34.05,34.05,34.05,34.05,-,-1.56%
2020년 3월 19일,34.59,34.59,34.59,34.59,-,2.92%
2020년 3월 18일,33.61,33.61,33.61,33.61,-,-4.71%
2020년 3월 17일,35.27,35.27,35.27,35.27,-,-0.51%
2020년 3월 16일,35.45,35.45,35.45,35.45,-,-4.09%
2020년 3월 13일,36.96,36.96,36.96,36.96,-,1.79%
2020년 3월 12일,36.31,36.31,36.31,36.31,-,-3.48%
2020년 3월 11일,37.62,37.62,37.62,37.62,-,-1.36%
2020년 3월 10일,38.14,38.14,38.14,38.14,-,5.18%
2020년 3월 9일,36.26,36.26,36.26,36.26,-,-20.67%
2020년 3월 6일,45.71,45.71,45.71,45.71,-,-8.07%
2020년 3월 5일,49.72,49.72,49.72,49.72,-,-1.51%
2020년 3월 4일,50.48,50.48,50.48,50.48,-,-0.88%
2020년 3월 3일,50.93,50.93,50.93,50.93,-,-0.04%
2020년 3월 2일,50.95,50.95,50.95,50.95,-,-6.03%
2020년 2월 28일,54.22,54.22,54.22,54.22,-,-0.06%
2020년 2월 27일,54.25,54.25,54.25,54.25,-,-0.15%
2020년 2월 26일,54.33,54.33,54.33,54.33,-,-0.39%
2020년 2월 25일,54.54,54.54,54.54,54.54,-,-0.26%
2020년 2월 24일,54.68,54.68,54.68,54.68,-,-1.07%
2020년 2월 21일,55.27,55.27,55.27,55.27,-,-0.49%
2020년 2월 20일,55.54,55.54,55.54,55.54,-,-0.20%
2020년 2월 19일,55.65,55.65,55.65,55.65,-,0.91%
2020년 2월 18일,55.15,55.15,55.15,55.15,-,-0.34%
2020년 2월 14일,55.34,55.34,55.34,55.34,-,0.69%
2020년 2월 13일,54.96,54.96,54.96,54.96,-,0.68%
2020년 2월 12일,54.59,54.59,54.59,54.59,-,2.06%
2020년 2월 11일,53.49,53.49,53.49,53.49,-,0.92%
2020년 2월 10일,53,53,53,53,-,-2.00%
2020년 2월 7일,54.08,54.08,54.08,54.08,-,-0.52%
2020년 2월 6일,54.36,54.36,54.36,54.36,-,-0.31%
2020년 2월 5일,54.53,54.53,54.53,54.53,-,2.67%
2020년 2월 4일,53.11,53.11,53.11,53.11,-,-0.73%
2020년 2월 3일,53.5,53.5,53.5,53.5,-,-16.78%
2020년 1월 31일,64.29,64.29,64.29,64.29,-,0.19%
2020년 1월 30일,64.17,64.17,64.17,64.17,-,-0.31%
2020년 1월 29일,64.37,64.37,64.37,64.37,-,0.05%
2020년 1월 28일,64.34,64.34,64.34,64.34,-,-0.05%
2020년 1월 27일,64.37,64.37,64.37,64.37,-,-0.42%
2020년 1월 24일,64.64,64.64,64.64,64.64,-,-0.46%
2020년 1월 23일,64.94,64.94,64.94,64.94,-,-0.49%
2020년 1월 22일,65.26,65.26,65.26,65.26,-,-0.50%
2020년 1월 21일,65.59,65.59,65.59,65.59,-,-0.24%
2020년 1월 17일,65.75,65.75,65.75,65.75,-,0.02%
2020년 1월 16일,65.74,65.74,65.74,65.74,-,0.38%
2020년 1월 15일,65.49,65.49,65.49,65.49,-,-0.53%
2020년 1월 14일,65.84,65.84,65.84,65.84,-,0.18%
2020년 1월 13일,65.72,65.72,65.72,65.72,-,-0.53%
2020년 1월 10일,66.07,66.07,66.07,66.07,-,-0.12%
2020년 1월 9일,66.15,66.15,66.15,66.15,-,0.23%
2020년 1월 8일,66,66,66,66,-,-2.83%
2020년 1월 7일,67.92,67.92,67.92,67.92,-,-0.53%
2020년 1월 6일,68.28,68.28,68.28,68.28,-,0.66%
2020년 1월 3일,67.83,67.83,67.83,67.83,-,3.65%
2020년 1월 2일,65.44,65.44,65.44,65.44,-,0.85%
2019년 12월 31일,64.89,64.89,64.89,64.89,-,0.06%
2019년 12월 30일,64.85,64.85,64.85,64.85,-,0.05%
2019년 12월 27일,64.82,64.82,64.82,64.82,-,-0.02%
2019년 12월 26일,64.83,64.83,64.83,64.83,-,0.06%
2019년 12월 24일,64.79,64.79,64.79,64.79,-,0.22%
2019년 12월 23일,64.65,64.65,64.65,64.65,-,0.03%
2019년 12월 20일,64.63,64.63,64.63,64.63,-,-0.11%
2019년 12월 19일,64.7,64.7,64.7,64.7,-,0.25%
2019년 12월 18일,64.54,64.54,64.54,64.54,-,0.02%
2019년 12월 17일,64.53,64.53,64.53,64.53,-,0.53%
2019년 12월 16일,64.19,64.19,64.19,64.19,-,0.11%
2019년 12월 13일,64.12,64.12,64.12,64.12,-,1.04%
2019년 12월 12일,63.46,63.46,63.46,63.46,-,0.76%
2019년 12월 11일,62.98,62.98,62.98,62.98,-,-0.82%
2019년 12월 10일,63.5,63.5,63.5,63.5,-,0.25%
2019년 12월 9일,63.34,63.34,63.34,63.34,-,-0.14%
2019년 12월 6일,63.43,63.43,63.43,63.43,-,0.97%
2019년 12월 5일,62.82,62.82,62.82,62.82,-,0.48%
2019년 12월 4일,62.52,62.52,62.52,62.52,-,3.41%
2019년 12월 3일,60.46,60.46,60.46,60.46,-,0.08%
2019년 12월 2일,60.41,60.41,60.41,60.41,-,-2.52%
2019년 11월 29일,61.97,61.97,61.97,61.97,-,0.03%
2019년 11월 27일,61.95,61.95,61.95,61.95,-,0.00%
2019년 11월 26일,61.95,61.95,61.95,61.95,-,0.02%
2019년 11월 25일,61.94,61.94,61.94,61.94,-,0.06%
2019년 11월 22일,61.9,61.9,61.9,61.9,-,-0.27%
2019년 11월 21일,62.07,62.07,62.07,62.07,-,0.76%
2019년 11월 20일,61.6,61.6,61.6,61.6,-,1.02%
2019년 11월 19일,60.98,60.98,60.98,60.98,-,-0.94%
2019년 11월 18일,61.56,61.56,61.56,61.56,-,-0.61%
2019년 11월 15일,61.94,61.94,61.94,61.94,-,0.81%
2019년 11월 14일,61.44,61.44,61.44,61.44,-,-0.13%
2019년 11월 13일,61.52,61.52,61.52,61.52,-,0.38%
2019년 11월 12일,61.29,61.29,61.29,61.29,-,0.33%
2019년 11월 11일,61.09,61.09,61.09,61.09,-,-0.31%
2019년 11월 8일,61.28,61.28,61.28,61.28,-,0.29%
2019년 11월 7일,61.1,61.1,61.1,61.1,-,0.89%
2019년 11월 6일,60.56,60.56,60.56,60.56,-,-1.51%
2019년 11월 5일,61.49,61.49,61.49,61.49,-,0.99%
2019년 11월 4일,60.89,60.89,60.89,60.89,-,0.58%
2019년 11월 1일,60.54,60.54,60.54,60.54,-,1.97%
2019년 10월 31일,59.37,59.37,59.37,59.37,-,0.08%
2019년 10월 30일,59.32,59.32,59.32,59.32,-,-0.15%
2019년 10월 29일,59.41,59.41,59.41,59.41,-,-0.07%
2019년 10월 28일,59.45,59.45,59.45,59.45,-,-0.12%
2019년 10월 25일,59.52,59.52,59.52,59.52,-,0.12%
2019년 10월 24일,59.45,59.45,59.45,59.45,-,0.13%
2019년 10월 23일,59.37,59.37,59.37,59.37,-,0.58%
2019년 10월 22일,59.03,59.03,59.03,59.03,-,0.27%
2019년 10월 21일,58.87,58.87,58.87,58.87,-,-0.15%
2019년 10월 18일,58.96,58.96,58.96,58.96,-,-0.35%
2019년 10월 17일,59.17,59.17,59.17,59.17,-,0.29%
2019년 10월 16일,59,59,59,59,-,0.24%
2019년 10월 15일,58.86,58.86,58.86,58.86,-,-0.14%
2019년 10월 14일,58.94,58.94,58.94,58.94,-,-1.31%
2019년 10월 11일,59.72,59.72,59.72,59.72,-,1.81%
2019년 10월 10일,58.66,58.66,58.66,58.66,-,1.24%
2019년 10월 9일,57.94,57.94,57.94,57.94,-,0.05%
2019년 10월 8일,57.91,57.91,57.91,57.91,-,-0.53%
2019년 10월 7일,58.22,58.22,58.22,58.22,-,0.19%
2019년 10월 4일,58.11,58.11,58.11,58.11,-,1.15%
2019년 10월 3일,57.45,57.45,57.45,57.45,-,0.23%
2019년 10월 2일,57.32,57.32,57.32,57.32,-,-1.36%
2019년 10월 1일,58.11,58.11,58.11,58.11,-,-4.92%
2019년 9월 30일,61.12,61.12,61.12,61.12,-,0.05%
2019년 9월 27일,61.09,61.09,61.09,61.09,-,-0.11%
2019년 9월 26일,61.16,61.16,61.16,61.16,-,0.11%
2019년 9월 25일,61.09,61.09,61.09,61.09,-,-0.24%
2019년 9월 24일,61.24,61.24,61.24,61.24,-,-0.65%
2019년 9월 23일,61.64,61.64,61.64,61.64,-,0.21%
2019년 9월 20일,61.51,61.51,61.51,61.51,-,0.16%
2019년 9월 19일,61.41,61.41,61.41,61.41,-,0.46%
2019년 9월 18일,61.13,61.13,61.13,61.13,-,-0.31%
2019년 9월 17일,61.32,61.32,61.32,61.32,-,-2.85%
2019년 9월 16일,63.12,63.12,63.12,63.12,-,7.75%
2019년 9월 13일,58.58,58.58,58.58,58.58,-,-0.10%
2019년 9월 12일,58.64,58.64,58.64,58.64,-,-0.15%
2019년 9월 11일,58.73,58.73,58.73,58.73,-,-1.71%
2019년 9월 10일,59.75,59.75,59.75,59.75,-,-0.52%
2019년 9월 9일,60.06,60.06,60.06,60.06,-,1.28%
2019년 9월 6일,59.3,59.3,59.3,59.3,-,1.13%
2019년 9월 5일,58.64,58.64,58.64,58.64,-,0.07%
2019년 9월 4일,58.6,58.6,58.6,58.6,-,3.37%
2019년 9월 3일,56.69,56.69,56.69,56.69,-,-4.09%
2019년 8월 30일,59.11,59.11,59.11,59.11,-,0.03%
2019년 8월 29일,59.09,59.09,59.09,59.09,-,-0.03%
2019년 8월 28일,59.11,59.11,59.11,59.11,-,0.22%
2019년 8월 27일,58.98,58.98,58.98,58.98,-,0.19%
2019년 8월 26일,58.87,58.87,58.87,58.87,-,-0.32%
2019년 8월 23일,59.06,59.06,59.06,59.06,-,-0.35%
2019년 8월 22일,59.27,59.27,59.27,59.27,-,-0.05%
2019년 8월 21일,59.3,59.3,59.3,59.3,-,0.30%
2019년 8월 20일,59.12,59.12,59.12,59.12,-,0.32%
2019년 8월 19일,58.93,58.93,58.93,58.93,-,0.99%
2019년 8월 16일,58.35,58.35,58.35,58.35,-,0.45%
2019년 8월 15일,58.09,58.09,58.09,58.09,-,-1.06%
2019년 8월 14일,58.71,58.71,58.71,58.71,-,-2.20%
2019년 8월 13일,60.03,60.03,60.03,60.03,-,2.88%
2019년 8월 12일,58.35,58.35,58.35,58.35,-,0.07%
2019년 8월 9일,58.31,58.31,58.31,58.31,-,1.46%
2019년 8월 8일,57.47,57.47,57.47,57.47,-,1.90%
2019년 8월 7일,56.4,56.4,56.4,56.4,-,-3.21%
2019년 8월 6일,58.27,58.27,58.27,58.27,-,-1.00%
2019년 8월 5일,58.86,58.86,58.86,58.86,-,-2.81%
2019년 8월 2일,60.56,60.56,60.56,60.56,-,1.95%
2019년 8월 1일,59.4,59.4,59.4,59.4,-,-6.09%
2019년 7월 31일,63.25,63.25,63.25,63.25,-,0.03%
2019년 7월 30일,63.23,63.23,63.23,63.23,-,0.11%
2019년 7월 29일,63.16,63.16,63.16,63.16,-,-0.02%
2019년 7월 26일,63.17,63.17,63.17,63.17,-,0.05%
2019년 7월 25일,63.14,63.14,63.14,63.14,-,0.19%
2019년 7월 24일,63.02,63.02,63.02,63.02,-,-0.08%
2019년 7월 23일,63.07,63.07,63.07,63.07,-,0.19%
2019년 7월 22일,62.95,62.95,62.95,62.95,-,0.58%
2019년 7월 19일,62.59,62.59,62.59,62.59,-,0.45%
2019년 7월 18일,62.31,62.31,62.31,62.31,-,-0.86%
2019년 7월 17일,62.85,62.85,62.85,62.85,-,-0.54%
2019년 7월 16일,63.19,63.19,63.19,63.19,-,-1.74%
2019년 7월 15일,64.31,64.31,64.31,64.31,-,-0.20%
2019년 7월 12일,64.44,64.44,64.44,64.44,-,0.31%
2019년 7월 11일,64.24,64.24,64.24,64.24,-,-0.59%
2019년 7월 10일,64.62,64.62,64.62,64.62,-,2.95%
2019년 7월 9일,62.77,62.77,62.77,62.77,-,0.26%
2019년 7월 8일,62.61,62.61,62.61,62.61,-,0.13%
2019년 7월 5일,62.53,62.53,62.53,62.53,-,0.45%
2019년 7월 3일,62.25,62.25,62.25,62.25,-,2.02%
2019년 7월 2일,61.02,61.02,61.02,61.02,-,-3.43%
2019년 7월 1일,63.19,63.19,63.19,63.19,-,2.37%
2019년 6월 27일,61.73,61.73,61.73,61.73,-,-0.06%
2019년 6월 26일,61.77,61.77,61.77,61.77,-,0.23%
2019년 6월 25일,61.63,61.63,61.63,61.63,-,-0.02%
2019년 6월 24일,61.64,61.64,61.64,61.64,-,-0.28%
2019년 6월 21일,61.81,61.81,61.81,61.81,-,0.36%
2019년 6월 20일,61.59,61.59,61.59,61.59,-,1.55%
2019년 6월 19일,60.65,60.65,60.65,60.65,-,0.02%
2019년 6월 18일,60.64,60.64,60.64,60.64,-,1.17%
2019년 6월 17일,59.94,59.94,59.94,59.94,-,-1.04%
2019년 6월 14일,60.57,60.57,60.57,60.57,-,0.65%
2019년 6월 13일,60.18,60.18,60.18,60.18,-,1.36%
2019년 6월 12일,59.37,59.37,59.37,59.37,-,-2.58%
2019년 6월 11일,60.94,60.94,60.94,60.94,-,0.58%
2019년 6월 10일,60.59,60.59,60.59,60.59,-,-1.09%
2019년 6월 7일,61.26,61.26,61.26,61.26,-,2.36%
2019년 6월 6일,59.85,59.85,59.85,59.85,-,0.47%
2019년 6월 5일,59.57,59.57,59.57,59.57,-,-2.07%
2019년 6월 4일,60.83,60.83,60.83,60.83,-,0.71%
2019년 6월 3일,60.4,60.4,60.4,60.4,-,-12.94%
2019년 5월 31일,69.38,69.38,69.38,69.38,-,0.06%
2019년 5월 30일,69.34,69.34,69.34,69.34,-,-0.24%
2019년 5월 29일,69.51,69.51,69.51,69.51,-,-0.22%
2019년 5월 28일,69.66,69.66,69.66,69.66,-,0.33%
2019년 5월 24일,69.43,69.43,69.43,69.43,-,0.09%
2019년 5월 23일,69.37,69.37,69.37,69.37,-,-1.60%
2019년 5월 22일,70.5,70.5,70.5,70.5,-,-0.69%
2019년 5월 21일,70.99,70.99,70.99,70.99,-,0.11%
2019년 5월 20일,70.91,70.91,70.91,70.91,-,-0.14%
2019년 5월 17일,71.01,71.01,71.01,71.01,-,-0.20%
2019년 5월 16일,71.15,71.15,71.15,71.15,-,0.72%
2019년 5월 15일,70.64,70.64,70.64,70.64,-,0.34%
2019년 5월 14일,70.4,70.4,70.4,70.4,-,1.09%
2019년 5월 13일,69.64,69.64,69.64,69.64,-,-0.37%
2019년 5월 10일,69.9,69.9,69.9,69.9,-,0.30%
2019년 5월 9일,69.69,69.69,69.69,69.69,-,0.14%
2019년 5월 8일,69.59,69.59,69.59,69.59,-,0.26%
2019년 5월 7일,69.41,69.41,69.41,69.41,-,-1.63%
2019년 5월 6일,70.56,70.56,70.56,70.56,-,-0.11%
2019년 5월 3일,70.64,70.64,70.64,70.64,-,0.04%
2019년 5월 2일,70.61,70.61,70.61,70.61,-,-1.45%
2019년 5월 1일,71.65,71.65,71.65,71.65,-,0.99%
2019년 4월 30일,70.95,70.95,70.95,70.95,-,0.03%
2019년 4월 29일,70.93,70.93,70.93,70.93,-,-0.04%
2019년 4월 26일,70.96,70.96,70.96,70.96,-,-0.24%
2019년 4월 25일,71.13,71.13,71.13,71.13,-,-0.10%
2019년 4월 24일,71.2,71.2,71.2,71.2,-,0.14%
2019년 4월 23일,71.1,71.1,71.1,71.1,-,0.11%
2019년 4월 22일,71.02,71.02,71.02,71.02,-,0.92%
2019년 4월 18일,70.37,70.37,70.37,70.37,-,0.31%
2019년 4월 17일,70.15,70.15,70.15,70.15,-,-0.13%
2019년 4월 16일,70.24,70.24,70.24,70.24,-,0.59%
2019년 4월 15일,69.83,69.83,69.83,69.83,-,-0.21%
2019년 4월 12일,69.98,69.98,69.98,69.98,-,0.40%
2019년 4월 11일,69.7,69.7,69.7,69.7,-,-0.98%
2019년 4월 10일,70.39,70.39,70.39,70.39,-,1.05%
2019년 4월 9일,69.66,69.66,69.66,69.66,-,-0.61%
2019년 4월 8일,70.09,70.09,70.09,70.09,-,0.52%
2019년 4월 5일,69.73,69.73,69.73,69.73,-,1.09%
2019년 4월 4일,68.98,68.98,68.98,68.98,-,0.23%
2019년 4월 3일,68.82,68.82,68.82,68.82,-,-0.10%
2019년 4월 2일,68.89,68.89,68.89,68.89,-,0.63%
2019년 4월 1일,68.46,68.46,68.46,68.46,-,2.29%
2019년 3월 29일,66.93,66.93,66.93,66.93,-,0.06%
2019년 3월 28일,66.89,66.89,66.89,66.89,-,-0.04%
2019년 3월 27일,66.92,66.92,66.92,66.92,-,-0.07%
2019년 3월 26일,66.97,66.97,66.97,66.97,-,0.12%
2019년 3월 25일,66.89,66.89,66.89,66.89,-,-0.01%
2019년 3월 22일,66.9,66.9,66.9,66.9,-,-0.28%
2019년 3월 21일,67.09,67.09,67.09,67.09,-,-0.37%
2019년 3월 20일,67.34,67.34,67.34,67.34,-,0.43%
2019년 3월 19일,67.05,67.05,67.05,67.05,-,0.04%
2019년 3월 18일,67.02,67.02,67.02,67.02,-,0.22%
2019년 3월 15일,66.87,66.87,66.87,66.87,-,-0.10%
2019년 3월 14일,66.94,66.94,66.94,66.94,-,-0.36%
2019년 3월 13일,67.18,67.18,67.18,67.18,-,0.83%
2019년 3월 12일,66.63,66.63,66.63,66.63,-,0.06%
2019년 3월 11일,66.59,66.59,66.59,66.59,-,0.86%
2019년 3월 8일,66.02,66.02,66.02,66.02,-,-0.62%
2019년 3월 7일,66.43,66.43,66.43,66.43,-,0.45%
2019년 3월 6일,66.13,66.13,66.13,66.13,-,0.41%
2019년 3월 5일,65.86,65.86,65.86,65.86,-,0.38%
2019년 3월 4일,65.61,65.61,65.61,65.61,-,0.94%
2019년 3월 1일,65,65,65,65,-,0.65%
2019년 2월 28일,64.58,64.58,64.58,64.58,-,-0.03%
2019년 2월 27일,64.6,64.6,64.6,64.6,-,0.11%
2019년 2월 26일,64.53,64.53,64.53,64.53,-,0.05%
2019년 2월 25일,64.5,64.5,64.5,64.5,-,-0.65%
2019년 2월 22일,64.92,64.92,64.92,64.92,-,-0.02%
2019년 2월 21일,64.93,64.93,64.93,64.93,-,-0.03%
2019년 2월 20일,64.95,64.95,64.95,64.95,-,0.45%
2019년 2월 19일,64.66,64.66,64.66,64.66,-,-0.03%
2019년 2월 15일,64.68,64.68,64.68,64.68,-,0.97%
2019년 2월 14일,64.06,64.06,64.06,64.06,-,1.22%
2019년 2월 13일,63.29,63.29,63.29,63.29,-,1.25%
2019년 2월 12일,62.51,62.51,62.51,62.51,-,1.39%
2019년 2월 11일,61.65,61.65,61.65,61.65,-,-0.82%
2019년 2월 8일,62.16,62.16,62.16,62.16,-,0.60%
2019년 2월 7일,61.79,61.79,61.79,61.79,-,-1.47%
2019년 2월 6일,62.71,62.71,62.71,62.71,-,1.01%
2019년 2월 5일,62.08,62.08,62.08,62.08,-,-0.75%
2019년 2월 4일,62.55,62.55,62.55,62.55,-,-0.11%
2019년 2월 1일,62.62,62.62,62.62,62.62,-,5.99%
2019년 1월 31일,59.08,59.08,59.08,59.08,-,0.05%
2019년 1월 30일,59.05,59.05,59.05,59.05,-,0.00%
2019년 1월 29일,59.05,59.05,59.05,59.05,-,0.22%
2019년 1월 28일,58.92,58.92,58.92,58.92,-,-0.52%
2019년 1월 25일,59.23,59.23,59.23,59.23,-,0.12%
2019년 1월 24일,59.16,59.16,59.16,59.16,-,0.14%
2019년 1월 23일,59.08,59.08,59.08,59.08,-,-0.03%
2019년 1월 22일,59.1,59.1,59.1,59.1,-,-0.71%
2019년 1월 18일,59.52,59.52,59.52,59.52,-,1.12%
2019년 1월 17일,58.86,58.86,58.86,58.86,-,-0.02%
2019년 1월 16일,58.87,58.87,58.87,58.87,-,0.62%
2019년 1월 15일,58.51,58.51,58.51,58.51,-,1.51%
2019년 1월 14일,57.64,57.64,57.64,57.64,-,-1.27%
2019년 1월 11일,58.38,58.38,58.38,58.38,-,-1.20%
2019년 1월 10일,59.09,59.09,59.09,59.09,-,0.32%
2019년 1월 9일,58.9,58.9,58.9,58.9,-,3.57%
2019년 1월 8일,56.87,56.87,56.87,56.87,-,2.25%
2019년 1월 7일,55.62,55.62,55.62,55.62,-,0.27%
2019년 1월 4일,55.47,55.47,55.47,55.47,-,1.30%
2019년 1월 3일,54.76,54.76,54.76,54.76,-,1.61%
2019년 1월 2일,53.89,53.89,53.89,53.89,-,-5.98%
2018년 12월 31일,57.32,57.32,57.32,57.32,-,0.00%
2018년 12월 28일,57.32,57.32,57.32,57.32,-,0.07%
2018년 12월 27일,57.28,57.28,57.28,57.28,-,-0.24%
2018년 12월 26일,57.42,57.42,57.42,57.42,-,0.86%
2018년 12월 24일,56.93,56.93,56.93,56.93,-,-0.96%
2018년 12월 21일,57.48,57.48,57.48,57.48,-,-0.09%
2018년 12월 20일,57.53,57.53,57.53,57.53,-,-1.17%
2018년 12월 19일,58.21,58.21,58.21,58.21,-,0.50%
2018년 12월 18일,57.92,57.92,57.92,57.92,-,-2.06%
2018년 12월 17일,59.14,59.14,59.14,59.14,-,-0.35%
2018년 12월 14일,59.35,59.35,59.35,59.35,-,-0.95%
2018년 12월 13일,59.92,59.92,59.92,59.92,-,1.15%
2018년 12월 12일,59.24,59.24,59.24,59.24,-,0.17%
2018년 12월 11일,59.14,59.14,59.14,59.14,-,0.22%
2018년 12월 10일,59.01,59.01,59.01,59.01,-,-1.98%
2018년 12월 7일,60.2,60.2,60.2,60.2,-,1.67%
2018년 12월 6일,59.21,59.21,59.21,59.21,-,-2.07%
2018년 12월 5일,60.46,60.46,60.46,60.46,-,-0.97%
2018년 12월 4일,61.05,61.05,61.05,61.05,-,0.88%
2018년 12월 3일,60.52,60.52,60.52,60.52,-,-7.69%
2018년 11월 30일,65.56,65.56,65.56,65.56,-,-0.05%
2018년 11월 29일,65.59,65.59,65.59,65.59,-,0.11%
2018년 11월 28일,65.52,65.52,65.52,65.52,-,-0.11%
2018년 11월 27일,65.59,65.59,65.59,65.59,-,-0.06%
2018년 11월 26일,65.63,65.63,65.63,65.63,-,0.43%
2018년 11월 23일,65.35,65.35,65.35,65.35,-,-1.68%
2018년 11월 21일,66.47,66.47,66.47,66.47,-,0.62%
2018년 11월 20일,66.06,66.06,66.06,66.06,-,-2.39%
2018년 11월 19일,67.68,67.68,67.68,67.68,-,0.12%
2018년 11월 16일,67.6,67.6,67.6,67.6,-,0.07%
2018년 11월 15일,67.55,67.55,67.55,67.55,-,0.43%
2018년 11월 14일,67.26,67.26,67.26,67.26,-,0.52%
2018년 11월 13일,66.91,66.91,66.91,66.91,-,-4.15%
2018년 11월 12일,69.81,69.81,69.81,69.81,-,-0.01%
2018년 11월 9일,69.82,69.82,69.82,69.82,-,-0.23%
2018년 11월 8일,69.98,69.98,69.98,69.98,-,-1.52%
2018년 11월 7일,71.06,71.06,71.06,71.06,-,0.10%
2018년 11월 6일,70.99,70.99,70.99,70.99,-,-1.24%
2018년 11월 5일,71.88,71.88,71.88,71.88,-,0.48%
2018년 11월 2일,71.54,71.54,71.54,71.54,-,-0.03%
2018년 11월 1일,71.56,71.56,71.56,71.56,-,-9.86%
2018년 10월 31일,79.39,79.39,79.39,79.39,-,0.05%
2018년 10월 30일,79.35,79.35,79.35,79.35,-,-0.08%
2018년 10월 29일,79.41,79.41,79.41,79.41,-,-0.05%
2018년 10월 26일,79.45,79.45,79.45,79.45,-,0.09%
2018년 10월 25일,79.38,79.38,79.38,79.38,-,0.13%
2018년 10월 24일,79.28,79.28,79.28,79.28,-,-0.05%
2018년 10월 23일,79.32,79.32,79.32,79.32,-,-1.08%
2018년 10월 22일,80.19,80.19,80.19,80.19,-,0.14%
2018년 10월 19일,80.08,80.08,80.08,80.08,-,0.06%
2018년 10월 18일,80.03,80.03,80.03,80.03,-,-0.27%
2018년 10월 17일,80.25,80.25,80.25,80.25,-,-0.74%
2018년 10월 16일,80.85,80.85,80.85,80.85,-,0.57%
2018년 10월 15일,80.39,80.39,80.39,80.39,-,0.02%
2018년 10월 12일,80.37,80.37,80.37,80.37,-,0.22%
2018년 10월 11일,80.19,80.19,80.19,80.19,-,-2.03%
2018년 10월 10일,81.85,81.85,81.85,81.85,-,-1.69%
2018년 10월 9일,83.26,83.26,83.26,83.26,-,0.82%
2018년 10월 8일,82.58,82.58,82.58,82.58,-,-0.16%
2018년 10월 5일,82.71,82.71,82.71,82.71,-,-0.08%
2018년 10월 4일,82.78,82.78,82.78,82.78,-,-1.59%
2018년 10월 3일,84.12,84.12,84.12,84.12,-,1.77%
2018년 10월 2일,82.66,82.66,82.66,82.66,-,-0.19%
2018년 10월 1일,82.82,82.82,82.82,82.82,-,7.21%
2018년 9월 28일,77.25,77.25,77.25,77.25,-,0.04%
2018년 9월 27일,77.22,77.22,77.22,77.22,-,0.16%
2018년 9월 26일,77.1,77.1,77.1,77.1,-,-0.05%
2018년 9월 25일,77.14,77.14,77.14,77.14,-,0.16%
2018년 9월 24일,77.02,77.02,77.02,77.02,-,0.71%
2018년 9월 21일,76.48,76.48,76.48,76.48,-,0.05%
2018년 9월 20일,76.44,76.44,76.44,76.44,-,-0.27%
2018년 9월 19일,76.65,76.65,76.65,76.65,-,0.20%
2018년 9월 18일,76.5,76.5,76.5,76.5,-,0.58%
2018년 9월 17일,76.06,76.06,76.06,76.06,-,-0.09%
2018년 9월 14일,76.13,76.13,76.13,76.13,-,-0.12%
2018년 9월 13일,76.22,76.22,76.22,76.22,-,-1.14%
2018년 9월 12일,77.1,77.1,77.1,77.1,-,0.50%
2018년 9월 11일,76.72,76.72,76.72,76.72,-,1.54%
2018년 9월 10일,75.56,75.56,75.56,75.56,-,0.69%
2018년 9월 7일,75.04,75.04,75.04,75.04,-,0.47%
2018년 9월 6일,74.69,74.69,74.69,74.69,-,-1.11%
2018년 9월 5일,75.53,75.53,75.53,75.53,-,-1.14%
2018년 9월 4일,76.4,76.4,76.4,76.4,-,5.39%
2018년 8월 31일,72.49,72.49,72.49,72.49,-,-0.03%
2018년 8월 30일,72.51,72.51,72.51,72.51,-,0.03%
2018년 8월 29일,72.49,72.49,72.49,72.49,-,0.14%
2018년 8월 28일,72.39,72.39,72.39,72.39,-,-0.08%
2018년 8월 27일,72.45,72.45,72.45,72.45,-,0.08%
2018년 8월 24일,72.39,72.39,72.39,72.39,-,0.44%
2018년 8월 23일,72.07,72.07,72.07,72.07,-,0.01%
2018년 8월 22일,72.06,72.06,72.06,72.06,-,0.95%
2018년 8월 21일,71.38,71.38,71.38,71.38,-,0.28%
2018년 8월 20일,71.18,71.18,71.18,71.18,-,0.15%
2018년 8월 17일,71.07,71.07,71.07,71.07,-,0.27%
2018년 8월 16일,70.88,70.88,70.88,70.88,-,0.50%
2018년 8월 15일,70.53,70.53,70.53,70.53,-,-1.23%
2018년 8월 14일,71.41,71.41,71.41,71.41,-,-0.15%
2018년 8월 13일,71.52,71.52,71.52,71.52,-,-0.26%
2018년 8월 10일,71.71,71.71,71.71,71.71,-,0.80%
2018년 8월 9일,71.14,71.14,71.14,71.14,-,-0.21%
2018년 8월 8일,71.29,71.29,71.29,71.29,-,-2.22%
2018년 8월 7일,72.91,72.91,72.91,72.91,-,0.77%
2018년 8월 6일,72.35,72.35,72.35,72.35,-,0.64%
2018년 8월 3일,71.89,71.89,71.89,71.89,-,-0.43%
2018년 8월 2일,72.2,72.2,72.2,72.2,-,1.93%
2018년 8월 1일,70.83,70.83,70.83,70.83,-,-3.13%
2018년 7월 31일,73.12,73.12,73.12,73.12,-,-0.04%
2018년 7월 30일,73.15,73.15,73.15,73.15,-,0.01%
2018년 7월 27일,73.14,73.14,73.14,73.14,-,0.00%
2018년 7월 26일,73.14,73.14,73.14,73.14,-,0.18%
2018년 7월 25일,73.01,73.01,73.01,73.01,-,0.26%
2018년 7월 24일,72.82,72.82,72.82,72.82,-,0.21%
2018년 7월 23일,72.67,72.67,72.67,72.67,-,0.11%
2018년 7월 20일,72.59,72.59,72.59,72.59,-,0.21%
2018년 7월 19일,72.44,72.44,72.44,72.44,-,-0.39%
2018년 7월 18일,72.72,72.72,72.72,72.72,-,0.48%
2018년 7월 17일,72.37,72.37,72.37,72.37,-,0.50%
2018년 7월 16일,72.01,72.01,72.01,72.01,-,-2.45%
2018년 7월 13일,73.82,73.82,73.82,73.82,-,0.81%
2018년 7월 12일,73.23,73.23,73.23,73.23,-,1.22%
2018년 7월 11일,72.35,72.35,72.35,72.35,-,-4.46%
2018년 7월 10일,75.73,75.73,75.73,75.73,-,0.87%
2018년 7월 9일,75.08,75.08,75.08,75.08,-,1.12%
2018년 7월 6일,74.25,74.25,74.25,74.25,-,-0.38%
2018년 7월 5일,74.53,74.53,74.53,74.53,-,-0.47%
2018년 7월 3일,74.88,74.88,74.88,74.88,-,0.74%
2018년 7월 2일,74.33,74.33,74.33,74.33,-,1.01%
2018년 6월 29일,73.59,73.59,73.59,73.59,-,0.03%
2018년 6월 28일,73.57,73.57,73.57,73.57,-,-0.01%
2018년 6월 27일,73.58,73.58,73.58,73.58,-,0.19%
2018년 6월 26일,73.44,73.44,73.44,73.44,-,0.40%
2018년 6월 25일,73.15,73.15,73.15,73.15,-,-0.20%
2018년 6월 22일,73.3,73.3,73.3,73.3,-,0.92%
2018년 6월 21일,72.63,72.63,72.63,72.63,-,-0.53%
2018년 6월 20일,73.02,73.02,73.02,73.02,-,-0.23%
2018년 6월 19일,73.19,73.19,73.19,73.19,-,-0.41%
2018년 6월 18일,73.49,73.49,73.49,73.49,-,0.96%
2018년 6월 15일,72.79,72.79,72.79,72.79,-,-1.56%
2018년 6월 14일,73.94,73.94,73.94,73.94,-,-0.70%
2018년 6월 13일,74.46,74.46,74.46,74.46,-,0.66%
2018년 6월 12일,73.97,73.97,73.97,73.97,-,-0.54%
2018년 6월 11일,74.37,74.37,74.37,74.37,-,0.09%
2018년 6월 8일,74.3,74.3,74.3,74.3,-,-0.77%
2018년 6월 7일,74.88,74.88,74.88,74.88,-,1.99%
2018년 6월 6일,73.42,73.42,73.42,73.42,-,0.05%
2018년 6월 5일,73.38,73.38,73.38,73.38,-,0.31%
2018년 6월 4일,73.15,73.15,73.15,73.15,-,-1.30%
2018년 6월 1일,74.11,74.11,74.11,74.11,-,-0.40%
2018년 5월 31일,74.41,74.41,74.41,74.41,-,-0.04%
2018년 5월 30일,74.44,74.44,74.44,74.44,-,-0.19%
2018년 5월 29일,74.58,74.58,74.58,74.58,-,0.17%
2018년 5월 25일,74.45,74.45,74.45,74.45,-,-0.44%
2018년 5월 24일,74.78,74.78,74.78,74.78,-,-0.27%
2018년 5월 23일,74.98,74.98,74.98,74.98,0.04K,0.09%
2018년 5월 22일,74.91,74.91,74.91,74.91,0.02K,0.16%
2018년 5월 21일,74.79,74.79,74.79,74.79,-,0.46%
2018년 5월 18일,74.45,74.45,74.45,74.45,-,-0.29%
2018년 5월 17일,74.67,74.67,74.67,74.67,-,0.11%
2018년 5월 16일,74.59,74.59,74.59,74.59,-,0.74%
2018년 5월 15일,74.04,74.04,74.04,74.04,-,0.03%
2018년 5월 14일,74.02,74.02,74.02,74.02,-,0.73%
2018년 5월 11일,73.48,73.48,73.48,73.48,-,-0.27%
2018년 5월 10일,73.68,73.68,73.68,73.68,-,0.42%
2018년 5월 9일,73.37,73.37,73.37,73.37,-,2.29%
2018년 5월 8일,71.73,71.73,71.73,71.73,-,-1.51%
2018년 5월 7일,72.83,72.83,72.83,72.83,-,1.46%
2018년 5월 4일,71.78,71.78,71.78,71.78,-,1.51%
2018년 5월 3일,70.71,70.71,70.71,70.71,-,0.38%
2018년 5월 2일,70.44,70.44,70.44,70.44,-,-0.16%
2018년 5월 1일,70.55,70.55,70.55,70.55,-,3.34%
2018년 4월 30일,68.27,68.27,68.27,68.27,-,-0.01%
2018년 4월 27일,68.28,68.28,68.28,68.28,-,0.00%
2018년 4월 26일,68.28,68.28,68.28,68.28,-,0.18%
2018년 4월 25일,68.16,68.16,68.16,68.16,0.01K,-0.06%
2018년 4월 24일,68.2,68.2,68.2,68.2,-,-0.31%
2018년 4월 23일,68.41,68.41,68.41,68.41,-,0.18%
2018년 4월 20일,68.29,68.29,68.29,68.29,-,0.16%
2018년 4월 19일,68.18,68.18,68.18,68.18,-,0.03%
2018년 4월 18일,68.16,68.16,68.16,68.16,-,1.16%
2018년 4월 17일,67.38,67.38,67.38,67.38,-,0.19%
2018년 4월 16일,67.25,67.25,67.25,67.25,0.01K,-0.81%
2018년 4월 13일,67.8,67.8,67.8,67.8,0.00K,0.21%
2018년 4월 12일,67.66,67.66,67.66,67.66,-,-0.18%
2018년 4월 11일,67.78,67.78,67.78,67.78,-,0.76%
2018년 4월 10일,67.27,67.27,67.27,67.27,-,2.19%
2018년 4월 9일,65.83,65.83,65.83,65.83,-,1.83%
2018년 4월 6일,64.65,64.65,64.65,64.65,-,-1.24%
2018년 4월 5일,65.46,65.46,65.46,65.46,-,0.44%
2018년 4월 4일,65.17,65.17,65.17,65.17,-,0.02%
2018년 4월 3일,65.16,65.16,65.16,65.16,-,0.84%
2018년 4월 2일,64.62,64.62,64.62,64.62,-,3.01%
2018년 3월 29일,62.73,62.73,62.73,62.73,-,0.08%
2018년 3월 28일,62.68,62.68,62.68,62.68,0.00K,-0.13%
2018년 3월 27일,62.76,62.76,62.76,62.76,-,-0.02%
2018년 3월 26일,62.77,62.77,62.77,62.77,-,-0.11%
2018년 3월 23일,62.84,62.84,62.84,62.84,-,0.35%
2018년 3월 22일,62.62,62.62,62.62,62.62,-,-0.35%
2018년 3월 21일,62.84,62.84,62.84,62.84,-,0.92%
2018년 3월 20일,62.27,62.27,62.27,62.27,-,0.66%
2018년 3월 19일,61.86,61.86,61.86,61.86,0.01K,-0.16%
2018년 3월 16일,61.96,61.96,61.96,61.96,-,0.78%
2018년 3월 15일,61.48,61.48,61.48,61.48,-,0.20%
2018년 3월 14일,61.36,61.36,61.36,61.36,0.01K,0.31%
2018년 3월 13일,61.17,61.17,61.17,61.17,-,-0.24%
2018년 3월 12일,61.32,61.32,61.32,61.32,0.01K,-0.60%
2018년 3월 9일,61.69,61.69,61.69,61.69,-,2.07%
2018년 3월 8일,60.44,60.44,60.44,60.44,-,-0.77%
2018년 3월 7일,60.91,60.91,60.91,60.91,-,-2.09%
2018년 3월 6일,62.21,62.21,62.21,62.21,-,0.44%
2018년 3월 5일,61.94,61.94,61.94,61.94,-,1.69%
2018년 3월 2일,60.91,60.91,60.91,60.91,-,0.86%
2018년 3월 1일,60.39,60.39,60.39,60.39,-,-3.71%
2018년 2월 28일,62.72,62.72,62.72,62.72,-,0.00%
2018년 2월 27일,62.72,62.72,62.72,62.72,-,-0.05%
2018년 2월 26일,62.75,62.75,62.75,62.75,-,0.00%
2018년 2월 23일,62.75,62.75,62.75,62.75,-,0.21%
2018년 2월 22일,62.62,62.62,62.62,62.62,-,0.24%
2018년 2월 21일,62.47,62.47,62.47,62.47,-,0.06%
2018년 2월 20일,62.43,62.43,62.43,62.43,-,0.24%
2018년 2월 16일,62.28,62.28,62.28,62.28,-,0.00%
2018년 2월 15일,62.28,62.28,62.28,62.28,-,0.37%
2018년 2월 14일,62.05,62.05,62.05,62.05,-,1.24%
2018년 2월 13일,61.29,61.29,61.29,61.29,-,0.21%
2018년 2월 12일,61.16,61.16,61.16,61.16,-,-0.10%
2018년 2월 9일,61.22,61.22,61.22,61.22,-,-2.27%
2018년 2월 8일,62.64,62.64,62.64,62.64,-,-0.79%
2018년 2월 7일,63.14,63.14,63.14,63.14,-,-1.76%
2018년 2월 6일,64.27,64.27,64.27,64.27,-,-1.11%
2018년 2월 5일,64.99,64.99,64.99,64.99,-,-1.14%
2018년 2월 2일,65.74,65.74,65.74,65.74,-,-1.48%
2018년 2월 1일,66.73,66.73,66.73,66.73,-,0.82%
2018년 1월 31일,66.19,66.19,66.19,66.19,-,-0.02%
2018년 1월 30일,66.2,66.2,66.2,66.2,-,-0.05%
2018년 1월 29일,66.23,66.23,66.23,66.23,-,-0.14%
2018년 1월 26일,66.32,66.32,66.32,66.32,-,0.09%
2018년 1월 25일,66.26,66.26,66.26,66.26,-,-0.08%
2018년 1월 24일,66.31,66.31,66.31,66.31,-,0.15%
2018년 1월 23일,66.21,66.21,66.21,66.21,-,0.36%
2018년 1월 22일,65.97,65.97,65.97,65.97,-,0.23%
2018년 1월 19일,65.82,65.82,65.82,65.82,-,-0.39%
2018년 1월 18일,66.08,66.08,66.08,66.08,-,-0.08%
2018년 1월 17일,66.13,66.13,66.13,66.13,-,0.12%
2018년 1월 16일,66.05,66.05,66.05,66.05,-,-0.47%
2018년 1월 12일,66.36,66.36,66.36,66.36,-,0.44%
2018년 1월 11일,66.07,66.07,66.07,66.07,-,0.09%
2018년 1월 10일,66.01,66.01,66.01,66.01,-,0.30%
2018년 1월 9일,65.81,65.81,65.81,65.81,-,1.11%
2018년 1월 8일,65.09,65.09,65.09,65.09,-,0.23%
2018년 1월 5일,64.94,64.94,64.94,64.94,-,-0.57%
2018년 1월 4일,65.31,65.31,65.31,65.31,-,0.11%
2018년 1월 3일,65.24,65.24,65.24,65.24,-,1.91%
2018년 1월 2일,64.02,64.02,64.02,64.02,-,3.93%
2017년 12월 29일,61.6,61.6,61.6,61.6,-,0.06%
2017년 12월 28일,61.56,61.56,61.56,61.56,-,0.07%
2017년 12월 27일,61.52,61.52,61.52,61.52,-,-0.13%
2017년 12월 26일,61.6,61.6,61.6,61.6,-,0.74%
2017년 12월 22일,61.15,61.15,61.15,61.15,-,-0.24%
2017년 12월 21일,61.3,61.3,61.3,61.3,-,0.03%
2017년 12월 20일,61.28,61.28,61.28,61.28,-,0.43%
2017년 12월 19일,61.02,61.02,61.02,61.02,-,0.36%
2017년 12월 18일,60.8,60.8,60.8,60.8,-,0.16%
2017년 12월 15일,60.7,60.7,60.7,60.7,-,0.08%
2017년 12월 14일,60.65,60.65,60.65,60.65,-,0.88%
2017년 12월 13일,60.12,60.12,60.12,60.12,-,-0.73%
2017년 12월 12일,60.56,60.56,60.56,60.56,-,-1.72%
2017년 12월 11일,61.62,61.62,61.62,61.62,-,1.28%
2017년 12월 8일,60.84,60.84,60.84,60.84,-,1.03%
2017년 12월 7일,60.22,60.22,60.22,60.22,-,1.48%
2017년 12월 6일,59.34,59.34,59.34,59.34,-,-2.00%
2017년 12월 5일,60.55,60.55,60.55,60.55,-,0.88%
2017년 12월 4일,60.02,60.02,60.02,60.02,-,-1.98%
2017년 12월 1일,61.23,61.23,61.23,61.23,-,0.67%
2017년 11월 30일,60.82,60.82,60.82,60.82,-,0.03%
2017년 11월 29일,60.8,60.8,60.8,60.8,-,0.00%
2017년 11월 28일,60.8,60.8,60.8,60.8,-,-0.13%
2017년 11월 27일,60.88,60.88,60.88,60.88,-,-0.07%
2017년 11월 24일,60.92,60.92,60.92,60.92,-,0.23%
2017년 11월 22일,60.78,60.78,60.78,60.78,-,0.25%
2017년 11월 21일,60.63,60.63,60.63,60.63,0.01K,0.13%
2017년 11월 20일,60.55,60.55,60.55,60.55,0.40K,-0.44%
2017년 11월 17일,60.82,60.82,60.82,60.82,-,1.00%
2017년 11월 16일,60.22,60.22,60.22,60.22,-,-0.45%
2017년 11월 15일,60.49,60.49,60.49,60.49,-,-0.33%
2017년 11월 14일,60.69,60.69,60.69,60.69,-,-0.80%
2017년 11월 13일,61.18,61.18,61.18,61.18,-,-0.20%
2017년 11월 10일,61.3,61.3,61.3,61.3,-,-0.42%
2017년 11월 9일,61.56,61.56,61.56,61.56,-,0.69%
2017년 11월 8일,61.14,61.14,61.14,61.14,-,-0.10%
2017년 11월 7일,61.2,61.2,61.2,61.2,-,-1.02%
2017년 11월 6일,61.83,61.83,61.83,61.83,-,2.79%
2017년 11월 3일,60.15,60.15,60.15,60.15,-,2.17%
2017년 11월 2일,58.87,58.87,58.87,58.87,-,0.24%
2017년 11월 1일,58.73,58.73,58.73,58.73,-,5.72%
2017년 10월 31일,55.55,55.55,55.55,55.55,-,0.02%
2017년 10월 30일,55.54,55.54,55.54,55.54,-,-0.02%
2017년 10월 27일,55.55,55.55,55.55,55.55,-,0.18%
2017년 10월 26일,55.45,55.45,55.45,55.45,-,0.20%
2017년 10월 25일,55.34,55.34,55.34,55.34,-,-0.09%
2017년 10월 24일,55.39,55.39,55.39,55.39,-,0.45%
2017년 10월 23일,55.14,55.14,55.14,55.14,-,-0.24%
2017년 10월 20일,55.27,55.27,55.27,55.27,-,0.25%
2017년 10월 19일,55.13,55.13,55.13,55.13,-,-0.63%
2017년 10월 18일,55.48,55.48,55.48,55.48,-,0.20%
2017년 10월 17일,55.37,55.37,55.37,55.37,-,0.05%
2017년 10월 16일,55.34,55.34,55.34,55.34,-,0.55%
2017년 10월 13일,55.04,55.04,55.04,55.04,-,0.92%
2017년 10월 12일,54.54,54.54,54.54,54.54,-,-0.53%
2017년 10월 11일,54.83,54.83,54.83,54.83,-,0.40%
2017년 10월 10일,54.61,54.61,54.61,54.61,-,0.94%
2017년 10월 9일,54.1,54.1,54.1,54.1,-,0.28%
2017년 10월 6일,53.95,53.95,53.95,53.95,-,-2.30%
2017년 10월 5일,55.22,55.22,55.22,55.22,-,1.71%
2017년 10월 4일,54.29,54.29,54.29,54.29,-,-0.24%
2017년 10월 3일,54.42,54.42,54.42,54.42,-,-0.55%
2017년 10월 2일,54.72,54.72,54.72,54.72,-,1.96%
2017년 9월 29일,53.67,53.67,53.67,53.67,-,0.07%
2017년 9월 28일,53.63,53.63,53.63,53.63,-,-0.07%
2017년 9월 27일,53.67,53.67,53.67,53.67,-,-0.19%
2017년 9월 26일,53.77,53.77,53.77,53.77,-,-0.28%
2017년 9월 25일,53.92,53.92,53.92,53.92,-,0.60%
2017년 9월 22일,53.6,53.6,53.6,53.6,-,0.15%
2017년 9월 21일,53.52,53.52,53.52,53.52,-,0.02%
2017년 9월 20일,53.51,53.51,53.51,53.51,-,0.79%
2017년 9월 19일,53.09,53.09,53.09,53.09,-,-0.30%
2017년 9월 18일,53.25,53.25,53.25,53.25,-,-0.06%
2017년 9월 15일,53.28,53.28,53.28,53.28,-,0.11%
2017년 9월 14일,53.22,53.22,53.22,53.22,-,0.30%
2017년 9월 13일,53.06,53.06,53.06,53.06,-,0.91%
2017년 9월 12일,52.58,52.58,52.58,52.58,0.10K,0.44%
2017년 9월 11일,52.35,52.35,52.35,52.35,-,0.21%
2017년 9월 8일,52.24,52.24,52.24,52.24,-,-1.02%
2017년 9월 7일,52.78,52.78,52.78,52.78,-,0.04%
2017년 9월 6일,52.76,52.76,52.76,52.76,-,1.42%
2017년 9월 5일,52.02,52.02,52.02,52.02,-,1.03%
2017년 9월 1일,51.49,51.49,51.49,51.49,-,2.53%
2017년 8월 31일,50.22,50.22,50.22,50.22,0.33K,0.00%
2017년 8월 30일,50.22,50.22,50.22,50.22,0.15K,-0.06%
2017년 8월 29일,50.25,50.25,50.25,50.25,0.15K,0.02%
2017년 8월 28일,50.24,50.24,50.24,50.24,-,-0.12%
2017년 8월 25일,50.3,50.3,50.3,50.3,-,0.18%
2017년 8월 24일,50.21,50.21,50.21,50.21,-,-0.30%
2017년 8월 23일,50.36,50.36,50.36,50.36,-,0.44%
2017년 8월 22일,50.14,50.14,50.14,50.14,-,0.10%
2017년 8월 21일,50.09,50.09,50.09,50.09,-,-0.71%
2017년 8월 18일,50.45,50.45,50.45,50.45,-,1.22%
2017년 8월 17일,49.84,49.84,49.84,49.84,-,0.54%
2017년 8월 16일,49.57,49.57,49.57,49.57,-,-0.66%
2017년 8월 15일,49.9,49.9,49.9,49.9,-,0.10%
2017년 8월 14일,49.85,49.85,49.85,49.85,-,-1.54%
2017년 8월 11일,50.63,50.63,50.63,50.63,-,0.08%
2017년 8월 10일,50.59,50.59,50.59,50.59,-,-0.14%
2017년 8월 9일,50.66,50.66,50.66,50.66,-,-0.28%
2017년 8월 8일,50.8,50.8,50.8,50.8,-,-0.39%
2017년 8월 7일,51,51,51,51,-,-0.20%
2017년 8월 4일,51.1,51.1,51.1,51.1,-,0.91%
2017년 8월 3일,50.64,50.64,50.64,50.64,-,-0.76%
2017년 8월 2일,51.03,51.03,51.03,51.03,-,1.21%
2017년 8월 1일,50.42,50.42,50.42,50.42,-,5.99%
2017년 7월 31일,47.57,47.57,47.57,47.57,-,0.02%
2017년 7월 28일,47.56,47.56,47.56,47.56,-,0.00%
2017년 7월 27일,47.56,47.56,47.56,47.56,-,0.08%
2017년 7월 26일,47.52,47.52,47.52,47.52,-,0.23%
2017년 7월 25일,47.41,47.41,47.41,47.41,-,0.64%
2017년 7월 24일,47.11,47.11,47.11,47.11,-,0.23%
2017년 7월 21일,47,47,47,47,-,-0.68%
2017년 7월 20일,47.32,47.32,47.32,47.32,0.10K,-0.29%
2017년 7월 19일,47.46,47.46,47.46,47.46,-,0.68%
2017년 7월 18일,47.14,47.14,47.14,47.14,-,0.34%
2017년 7월 17일,46.98,46.98,46.98,46.98,-,-0.53%
2017년 7월 14일,47.23,47.23,47.23,47.23,-,0.60%
2017년 7월 13일,46.95,46.95,46.95,46.95,-,0.79%
2017년 7월 12일,46.58,46.58,46.58,46.58,-,0.32%
2017년 7월 11일,46.43,46.43,46.43,46.43,-,0.87%
2017년 7월 10일,46.03,46.03,46.03,46.03,-,0.33%
2017년 7월 7일,45.88,45.88,45.88,45.88,-,-2.40%
2017년 7월 6일,47.01,47.01,47.01,47.01,-,0.45%
2017년 7월 5일,46.8,46.8,46.8,46.8,-,-3.58%
2017년 7월 3일,48.54,48.54,48.54,48.54,-,4.45%
2017년 6월 30일,46.47,46.47,46.47,46.47,-,0.00%
2017년 6월 29일,46.47,46.47,46.47,46.47,-,0.04%
2017년 6월 28일,46.45,46.45,46.45,46.45,0.15K,0.13%
2017년 6월 27일,46.39,46.39,46.39,46.39,-,0.30%
2017년 6월 26일,46.25,46.25,46.25,46.25,-,0.13%
2017년 6월 23일,46.19,46.19,46.19,46.19,-,0.20%
2017년 6월 22일,46.1,46.1,46.1,46.1,-,0.24%
2017년 6월 21일,45.99,45.99,45.99,45.99,-,-0.69%
2017년 6월 20일,46.31,46.31,46.31,46.31,-,-0.52%
2017년 6월 19일,46.55,46.55,46.55,46.55,-,-0.39%
2017년 6월 16일,46.73,46.73,46.73,46.73,-,0.30%
2017년 6월 15일,46.59,46.59,46.59,46.59,-,-0.21%
2017년 6월 14일,46.69,46.69,46.69,46.69,-,-2.08%
2017년 6월 13일,47.68,47.68,47.68,47.68,-,0.42%
2017년 6월 12일,47.48,47.48,47.48,47.48,-,0.21%
2017년 6월 9일,47.38,47.38,47.38,47.38,-,0.55%
2017년 6월 8일,47.12,47.12,47.12,47.12,-,-0.13%
2017년 6월 7일,47.18,47.18,47.18,47.18,-,-3.24%
2017년 6월 6일,48.76,48.76,48.76,48.76,-,1.06%
2017년 6월 5일,48.25,48.25,48.25,48.25,-,-1.05%
2017년 6월 2일,48.76,48.76,48.76,48.76,-,-1.44%
2017년 6월 1일,49.47,49.47,49.47,49.47,-,-2.12%
2017년 5월 31일,50.54,50.54,50.54,50.54,-,-0.08%
2017년 5월 30일,50.58,50.58,50.58,50.58,-,-0.02%
2017년 5월 26일,50.59,50.59,50.59,50.59,-,0.18%
2017년 5월 25일,50.5,50.5,50.5,50.5,-,-0.94%
2017년 5월 24일,50.98,50.98,50.98,50.98,-,-0.14%
2017년 5월 23일,51.05,51.05,51.05,51.05,-,0.24%
2017년 5월 22일,50.93,50.93,50.93,50.93,-,0.12%
2017년 5월 19일,50.87,50.87,50.87,50.87,-,0.79%
2017년 5월 18일,50.47,50.47,50.47,50.47,-,0.24%
2017년 5월 17일,50.35,50.35,50.35,50.35,-,0.62%
2017년 5월 16일,50.04,50.04,50.04,50.04,-,0.00%
2017년 5월 15일,50.04,50.04,50.04,50.04,-,1.09%
2017년 5월 12일,49.5,49.5,49.5,49.5,-,0.04%
2017년 5월 11일,49.48,49.48,49.48,49.48,0.20K,0.65%
2017년 5월 10일,49.16,49.16,49.16,49.16,-,2.20%
2017년 5월 9일,48.1,48.1,48.1,48.1,-,-0.91%
2017년 5월 8일,48.54,48.54,48.54,48.54,-,0.41%
2017년 5월 5일,48.34,48.34,48.34,48.34,-,1.41%
2017년 5월 4일,47.67,47.67,47.67,47.67,-,-4.16%
2017년 5월 3일,49.74,49.74,49.74,49.74,-,0.89%
2017년 5월 2일,49.3,49.3,49.3,49.3,-,-2.74%
2017년 5월 1일,50.69,50.69,50.69,50.69,-,-3.06%
2017년 4월 28일,52.29,52.29,52.29,52.29,-,-0.04%
2017년 4월 27일,52.31,52.31,52.31,52.31,-,-0.08%
2017년 4월 26일,52.35,52.35,52.35,52.35,-,-0.04%
2017년 4월 25일,52.37,52.37,52.37,52.37,-,0.11%
2017년 4월 24일,52.31,52.31,52.31,52.31,-,-0.02%
2017년 4월 21일,52.32,52.32,52.32,52.32,-,-0.48%
2017년 4월 20일,52.57,52.57,52.57,52.57,-,0.15%
2017년 4월 19일,52.49,52.49,52.49,52.49,-,-1.32%
2017년 4월 18일,53.19,53.19,53.19,53.19,-,-0.45%
2017년 4월 17일,53.43,53.43,53.43,53.43,0.10K,-0.56%
2017년 4월 13일,53.73,53.73,53.73,53.73,-,0.04%
2017년 4월 12일,53.71,53.71,53.71,53.71,-,-0.68%
2017년 4월 11일,54.08,54.08,54.08,54.08,-,0.46%
2017년 4월 10일,53.83,53.83,53.83,53.83,-,1.09%
2017년 4월 7일,53.25,53.25,53.25,53.25,-,0.62%
2017년 4월 6일,52.92,52.92,52.92,52.92,-,0.80%
2017년 4월 5일,52.5,52.5,52.5,52.5,-,0.59%
2017년 4월 4일,52.19,52.19,52.19,52.19,-,1.64%
2017년 4월 3일,51.35,51.35,51.35,51.35,-,0.29%
2017년 3월 31일,51.2,51.2,51.2,51.2,-,-0.06%
2017년 3월 30일,51.23,51.23,51.23,51.23,-,0.06%
2017년 3월 29일,51.2,51.2,51.2,51.2,-,0.23%
2017년 3월 28일,51.08,51.08,51.08,51.08,-,0.14%
2017년 3월 27일,51.01,51.01,51.01,51.01,-,-0.02%
2017년 3월 24일,51.02,51.02,51.02,51.02,-,0.12%
2017년 3월 23일,50.96,50.96,50.96,50.96,-,-0.16%
2017년 3월 22일,51.04,51.04,51.04,51.04,-,-0.10%
2017년 3월 21일,51.09,51.09,51.09,51.09,-,-0.45%
2017년 3월 20일,51.32,51.32,51.32,51.32,-,-0.12%
2017년 3월 17일,51.38,51.38,51.38,51.38,-,-0.04%
2017년 3월 16일,51.4,51.4,51.4,51.4,-,0.04%
2017년 3월 15일,51.38,51.38,51.38,51.38,-,0.82%
2017년 3월 14일,50.96,50.96,50.96,50.96,-,-0.76%
2017년 3월 13일,51.35,51.35,51.35,51.35,-,-0.04%
2017년 3월 10일,51.37,51.37,51.37,51.37,-,-0.85%
2017년 3월 9일,51.81,51.81,51.81,51.81,-,-0.84%
2017년 3월 8일,52.25,52.25,52.25,52.25,-,-3.79%
2017년 3월 7일,54.31,54.31,54.31,54.31,-,-0.02%
2017년 3월 6일,54.32,54.32,54.32,54.32,-,-0.06%
2017년 3월 3일,54.35,54.35,54.35,54.35,-,0.91%
2017년 3월 2일,53.86,53.86,53.86,53.86,-,-1.98%
2017년 3월 1일,54.95,54.95,54.95,54.95,-,0.94%
2017년 2월 28일,54.44,54.44,54.44,54.44,-,0.02%
2017년 2월 27일,54.43,54.43,54.43,54.43,-,0.09%
2017년 2월 24일,54.38,54.38,54.38,54.38,-,-0.06%
2017년 2월 23일,54.41,54.41,54.41,54.41,-,0.26%
2017년 2월 22일,54.27,54.27,54.27,54.27,-,-0.28%
2017년 2월 21일,54.42,54.42,54.42,54.42,-,0.37%
2017년 2월 17일,54.22,54.22,54.22,54.22,-,0.18%
2017년 2월 16일,54.12,54.12,54.12,54.12,-,-0.04%
2017년 2월 15일,54.14,54.14,54.14,54.14,-,-0.24%
2017년 2월 14일,54.27,54.27,54.27,54.27,-,0.44%
2017년 2월 13일,54.03,54.03,54.03,54.03,-,-1.03%
2017년 2월 10일,54.59,54.59,54.59,54.59,0.10K,0.89%
2017년 2월 9일,54.11,54.11,54.11,54.11,-,0.71%
2017년 2월 8일,53.73,53.73,53.73,53.73,-,-0.32%
2017년 2월 7일,53.9,53.9,53.9,53.9,-,-0.65%
2017년 2월 6일,54.25,54.25,54.25,54.25,-,-1.52%
2017년 2월 3일,55.09,55.09,55.09,55.09,-,0.79%
2017년 2월 2일,54.66,54.66,54.66,54.66,-,0.40%
2017년 2월 1일,54.44,54.44,54.44,54.44,-,1.34%
2017년 1월 31일,53.72,53.72,53.72,53.72,-,-0.04%
2017년 1월 30일,53.74,53.74,53.74,53.74,-,-0.04%
2017년 1월 27일,53.76,53.76,53.76,53.76,0.20K,-0.07%
2017년 1월 26일,53.8,53.8,53.8,53.8,-,0.24%
2017년 1월 25일,53.67,53.67,53.67,53.67,-,-0.06%
2017년 1월 24일,53.7,53.7,53.7,53.7,-,0.11%
2017년 1월 23일,53.64,53.64,53.64,53.64,0.20K,-0.19%
2017년 1월 20일,53.74,53.74,53.74,53.74,-,0.81%
2017년 1월 19일,53.31,53.31,53.31,53.31,-,0.38%
2017년 1월 18일,53.11,53.11,53.11,53.11,-,-1.08%
2017년 1월 17일,53.69,53.69,53.69,53.69,-,-0.06%
2017년 1월 13일,53.72,53.72,53.72,53.72,-,-0.33%
2017년 1월 12일,53.9,53.9,53.9,53.9,-,0.97%
2017년 1월 11일,53.38,53.38,53.38,53.38,-,2.03%
2017년 1월 10일,52.32,52.32,52.32,52.32,-,-1.64%
2017년 1월 9일,53.19,53.19,53.19,53.19,-,-2.97%
2017년 1월 6일,54.82,54.82,54.82,54.82,-,0.11%
2017년 1월 5일,54.76,54.76,54.76,54.76,-,0.79%
2017년 1월 4일,54.33,54.33,54.33,54.33,-,2.20%
2017년 1월 3일,53.16,53.16,53.16,53.16,-,2.03%
2016년 12월 30일,52.1,52.1,52.1,52.1,-,-0.04%
2016년 12월 29일,52.12,52.12,52.12,52.12,-,-0.04%
2016년 12월 28일,52.14,52.14,52.14,52.14,-,0.10%
2016년 12월 27일,52.09,52.09,52.09,52.09,-,0.25%
2016년 12월 23일,51.96,51.96,51.96,51.96,-,0.04%
2016년 12월 22일,51.94,51.94,51.94,51.94,-,0.46%
2016년 12월 21일,51.7,51.7,51.7,51.7,-,-0.48%
2016년 12월 20일,51.95,51.95,51.95,51.95,-,0.27%
2016년 12월 19일,51.81,51.81,51.81,51.81,-,-0.38%
2016년 12월 16일,52.01,52.01,52.01,52.01,-,0.95%
2016년 12월 15일,51.52,51.52,51.52,51.52,-,0.21%
2016년 12월 14일,51.41,51.41,51.41,51.41,-,-1.83%
2016년 12월 13일,52.37,52.37,52.37,52.37,-,0.21%
2016년 12월 12일,52.26,52.26,52.26,52.26,-,1.85%
2016년 12월 9일,51.31,51.31,51.31,51.31,-,0.63%
2016년 12월 8일,50.99,50.99,50.99,50.99,-,1.27%
2016년 12월 7일,50.35,50.35,50.35,50.35,-,-1.33%
2016년 12월 6일,51.03,51.03,51.03,51.03,-,-0.93%
2016년 12월 5일,51.51,51.51,51.51,51.51,-,0.94%
2016년 12월 2일,51.03,51.03,51.03,51.03,-,0.33%
2016년 12월 1일,50.86,50.86,50.86,50.86,-,15.93%
2016년 11월 30일,43.87,43.87,43.87,43.87,-,-0.02%
2016년 11월 29일,43.88,43.88,43.88,43.88,-,-0.32%
2016년 11월 28일,44.02,44.02,44.02,44.02,-,0.16%
2016년 11월 25일,43.95,43.95,43.95,43.95,-,-0.45%
2016년 11월 23일,44.15,44.15,44.15,44.15,-,-0.09%
2016년 11월 22일,44.19,44.19,44.19,44.19,-,0.09%
2016년 11월 21일,44.15,44.15,44.15,44.15,-,1.54%
2016년 11월 18일,43.48,43.48,43.48,43.48,-,0.42%
2016년 11월 17일,43.3,43.3,43.3,43.3,-,-0.16%
2016년 11월 16일,43.37,43.37,43.37,43.37,-,-0.41%
2016년 11월 15일,43.55,43.55,43.55,43.55,-,2.88%
2016년 11월 14일,42.33,42.33,42.33,42.33,-,-0.28%
2016년 11월 11일,42.45,42.45,42.45,42.45,-,-1.37%
2016년 11월 10일,43.04,43.04,43.04,43.04,-,-0.78%
2016년 11월 9일,43.38,43.38,43.38,43.38,-,0.95%
2016년 11월 8일,42.97,42.97,42.97,42.97,-,-0.16%
2016년 11월 7일,43.04,43.04,43.04,43.04,-,1.15%
2016년 11월 4일,42.55,42.55,42.55,42.55,-,-1.34%
2016년 11월 3일,43.13,43.13,43.13,43.13,-,-1.12%
2016년 11월 2일,43.62,43.62,43.62,43.62,-,-2.37%
2016년 11월 1일,44.68,44.68,44.68,44.68,-,-0.53%
2016년 10월 31일,44.92,44.92,44.92,44.92,-,-8.38%
2016년 10월 28일,49.03,49.03,49.03,49.03,-,-0.06%
2016년 10월 27일,49.06,49.06,49.06,49.06,-,0.20%
2016년 10월 26일,48.96,48.96,48.96,48.96,-,-0.18%
2016년 10월 25일,49.05,49.05,49.05,49.05,-,-0.28%
2016년 10월 24일,49.19,49.19,49.19,49.19,-,-0.12%
2016년 10월 21일,49.25,49.25,49.25,49.25,-,0.35%
2016년 10월 20일,49.08,49.08,49.08,49.08,0.20K,-0.87%
2016년 10월 19일,49.51,49.51,49.51,49.51,-,0.92%
2016년 10월 18일,49.06,49.06,49.06,49.06,-,-0.04%
2016년 10월 17일,49.08,49.08,49.08,49.08,-,-0.59%
2016년 10월 14일,49.37,49.37,49.37,49.37,-,0.18%
2016년 10월 13일,49.28,49.28,49.28,49.28,-,0.37%
2016년 10월 12일,49.1,49.1,49.1,49.1,-,-0.79%
2016년 10월 11일,49.49,49.49,49.49,49.49,-,-0.88%
2016년 10월 10일,49.93,49.93,49.93,49.93,-,1.75%
2016년 10월 7일,49.07,49.07,49.07,49.07,-,-0.71%
2016년 10월 6일,49.42,49.42,49.42,49.42,-,0.96%
2016년 10월 5일,48.95,48.95,48.95,48.95,-,1.66%
2016년 10월 4일,48.15,48.15,48.15,48.15,-,0.29%
2016년 10월 3일,48.01,48.01,48.01,48.01,-,10.62%
2016년 9월 29일,43.4,43.4,43.4,43.4,-,0.02%
2016년 9월 28일,43.39,43.39,43.39,43.39,-,0.58%
2016년 9월 27일,43.14,43.14,43.14,43.14,-,-0.60%
2016년 9월 26일,43.4,43.4,43.4,43.4,-,0.60%
2016년 9월 23일,43.14,43.14,43.14,43.14,-,-1.03%
2016년 9월 22일,43.59,43.59,43.59,43.59,-,0.60%
2016년 9월 21일,43.33,43.33,43.33,43.33,-,0.81%
2016년 9월 20일,42.98,42.98,42.98,42.98,0.20K,-0.07%
2016년 9월 19일,43.01,43.01,43.01,43.01,-,0.19%
2016년 9월 16일,42.93,42.93,42.93,42.93,-,-0.83%
2016년 9월 15일,43.29,43.29,43.29,43.29,-,1.00%
2016년 9월 14일,42.86,42.86,42.86,42.86,-,-1.63%
2016년 9월 13일,43.57,43.57,43.57,43.57,-,-2.94%
2016년 9월 12일,44.89,44.89,44.89,44.89,-,1.77%
2016년 9월 9일,44.11,44.11,44.11,44.11,-,-2.91%
2016년 9월 8일,45.43,45.43,45.43,45.43,-,2.97%
2016년 9월 7일,44.12,44.12,44.12,44.12,-,1.36%
2016년 9월 6일,43.53,43.53,43.53,43.53,-,0.83%
2016년 9월 2일,43.17,43.17,43.17,43.17,-,3.06%
2016년 9월 1일,41.89,41.89,41.89,41.89,-,-4.14%
2016년 8월 31일,43.7,43.7,43.7,43.7,-,-0.05%
2016년 8월 30일,43.72,43.72,43.72,43.72,-,-0.05%
2016년 8월 29일,43.74,43.74,43.74,43.74,-,-0.23%
2016년 8월 26일,43.84,43.84,43.84,43.84,-,0.05%
2016년 8월 25일,43.82,43.82,43.82,43.82,-,0.27%
2016년 8월 24일,43.7,43.7,43.7,43.7,-,-0.59%
2016년 8월 23일,43.96,43.96,43.96,43.96,-,0.34%
2016년 8월 22일,43.81,43.81,43.81,43.81,-,-1.44%
2016년 8월 19일,44.45,44.45,44.45,44.45,-,-0.11%
2016년 8월 18일,44.5,44.5,44.5,44.5,-,0.77%
2016년 8월 17일,44.16,44.16,44.16,44.16,-,0.73%
2016년 8월 16일,43.84,43.84,43.84,43.84,-,1.32%
2016년 8월 15일,43.27,43.27,43.27,43.27,-,1.76%
2016년 8월 12일,42.52,42.52,42.52,42.52,-,1.31%
2016년 8월 11일,41.97,41.97,41.97,41.97,-,3.12%
2016년 8월 10일,40.7,40.7,40.7,40.7,-,-1.14%
2016년 8월 9일,41.17,41.17,41.17,41.17,-,-1.08%
2016년 8월 8일,41.62,41.62,41.62,41.62,-,2.21%
2016년 8월 5일,40.72,40.72,40.72,40.72,-,-0.34%
2016년 8월 4일,40.86,40.86,40.86,40.86,-,2.77%
2016년 8월 3일,39.76,39.76,39.76,39.76,-,2.79%
2016년 8월 2일,38.68,38.68,38.68,38.68,-,-0.62%
2016년 8월 1일,38.92,38.92,38.92,38.92,-,-8.45%
2016년 7월 28일,42.51,42.51,42.51,42.51,-,0.00%
2016년 7월 27일,42.51,42.51,42.51,42.51,-,-0.12%
2016년 7월 26일,42.56,42.56,42.56,42.56,-,-0.07%
2016년 7월 25일,42.59,42.59,42.59,42.59,-,-0.42%
2016년 7월 22일,42.77,42.77,42.77,42.77,-,-0.95%
2016년 7월 21일,43.18,43.18,43.18,43.18,-,-0.21%
2016년 7월 20일,43.27,43.27,43.27,43.27,-,0.49%
2016년 7월 19일,43.06,43.06,43.06,43.06,-,-0.28%
2016년 7월 18일,43.18,43.18,43.18,43.18,-,-1.12%
2016년 7월 15일,43.67,43.67,43.67,43.67,-,0.34%
2016년 7월 14일,43.52,43.52,43.52,43.52,-,1.63%
2016년 7월 13일,42.82,42.82,42.82,42.82,-,-3.32%
2016년 7월 12일,44.29,44.29,44.29,44.29,-,3.38%
2016년 7월 11일,42.84,42.84,42.84,42.84,-,-0.70%
2016년 7월 8일,43.14,43.14,43.14,43.14,-,0.96%
2016년 7월 7일,42.73,42.73,42.73,42.73,-,-4.47%
2016년 7월 6일,44.73,44.73,44.73,44.73,-,1.61%
2016년 7월 5일,44.02,44.02,44.02,44.02,-,-3.82%
2016년 7월 1일,45.77,45.77,45.77,45.77,-,-1.06%
2016년 6월 30일,46.26,46.26,46.26,46.26,-,-0.11%
2016년 6월 29일,46.31,46.31,46.31,46.31,-,0.26%
2016년 6월 28일,46.19,46.19,46.19,46.19,-,0.35%
2016년 6월 27일,46.03,46.03,46.03,46.03,-,-0.28%
2016년 6월 24일,46.16,46.16,46.16,46.16,-,-1.01%
2016년 6월 23일,46.63,46.63,46.63,46.63,-,0.54%
2016년 6월 22일,46.38,46.38,46.38,46.38,-,-0.49%
2016년 6월 21일,46.61,46.61,46.61,46.61,-,-0.17%
2016년 6월 20일,46.69,46.69,46.69,46.69,-,1.19%
2016년 6월 17일,46.14,46.14,46.14,46.14,0.40K,1.70%
2016년 6월 16일,45.37,45.37,45.37,45.37,-,-1.80%
2016년 6월 15일,46.2,46.2,46.2,46.2,-,-0.94%
2016년 6월 14일,46.64,46.64,46.64,46.64,-,-0.62%
2016년 6월 13일,46.93,46.93,46.93,46.93,-,-0.06%
2016년 6월 10일,46.96,46.96,46.96,46.96,-,-1.96%
2016년 6월 9일,47.9,47.9,47.9,47.9,-,-0.62%
2016년 6월 8일,48.2,48.2,48.2,48.2,-,1.92%
2016년 6월 7일,47.29,47.29,47.29,47.29,-,1.61%
2016년 6월 6일,46.54,46.54,46.54,46.54,-,1.11%
2016년 6월 3일,46.03,46.03,46.03,46.03,-,-0.71%
2016년 6월 2일,46.36,46.36,46.36,46.36,-,0.87%
2016년 6월 1일,45.96,45.96,45.96,45.96,-,3.82%
2016년 5월 31일,44.27,44.27,44.27,44.27,-,-0.09%
2016년 5월 27일,44.31,44.31,44.31,44.31,-,-0.07%
2016년 5월 26일,44.34,44.34,44.34,44.34,-,-0.11%
2016년 5월 25일,44.39,44.39,44.39,44.39,-,0.41%
2016년 5월 24일,44.21,44.21,44.21,44.21,-,0.11%
2016년 5월 23일,44.16,44.16,44.16,44.16,-,-0.27%
2016년 5월 20일,44.28,44.28,44.28,44.28,-,-0.11%
2016년 5월 19일,44.33,44.33,44.33,44.33,-,0.02%
2016년 5월 18일,44.32,44.32,44.32,44.32,-,-0.36%
2016년 5월 17일,44.48,44.48,44.48,44.48,-,0.47%
2016년 5월 16일,44.27,44.27,44.27,44.27,-,1.30%
2016년 5월 13일,43.7,43.7,43.7,43.7,-,-0.64%
2016년 5월 12일,43.98,43.98,43.98,43.98,-,0.71%
2016년 5월 11일,43.67,43.67,43.67,43.67,-,3.12%
2016년 5월 10일,42.35,42.35,42.35,42.35,-,3.37%
2016년 5월 9일,40.97,40.97,40.97,40.97,-,-3.10%
2016년 5월 6일,42.28,42.28,42.28,42.28,-,0.86%
2016년 5월 5일,41.92,41.92,41.92,41.92,-,0.29%
2016년 5월 4일,41.8,41.8,41.8,41.8,-,-0.19%
2016년 5월 3일,41.88,41.88,41.88,41.88,-,-1.34%
2016년 5월 2일,42.45,42.45,42.45,42.45,-,8.76%
2016년 4월 29일,39.03,39.03,39.03,39.03,-,0.08%
2016년 4월 28일,39,39,39,39,-,0.08%
2016년 4월 27일,38.97,38.97,38.97,38.97,-,0.44%
2016년 4월 26일,38.8,38.8,38.8,38.8,-,0.44%
2016년 4월 25일,38.63,38.63,38.63,38.63,-,-0.34%
2016년 4월 22일,38.76,38.76,38.76,38.76,-,0.49%
2016년 4월 21일,38.57,38.57,38.57,38.57,-,-0.92%
2016년 4월 20일,38.93,38.93,38.93,38.93,-,1.59%
2016년 4월 19일,38.32,38.32,38.32,38.32,-,1.00%
2016년 4월 18일,37.94,37.94,37.94,37.94,-,-0.26%
2016년 4월 15일,38.04,38.04,38.04,38.04,-,-1.17%
2016년 4월 14일,38.49,38.49,38.49,38.49,-,-0.39%
2016년 4월 13일,38.64,38.64,38.64,38.64,-,-1.00%
2016년 4월 12일,39.03,39.03,39.03,39.03,-,3.45%
2016년 4월 11일,37.73,37.73,37.73,37.73,-,1.59%
2016년 4월 8일,37.14,37.14,37.14,37.14,-,4.94%
2016년 4월 7일,35.39,35.39,35.39,35.39,-,-0.95%
2016년 4월 6일,35.73,35.73,35.73,35.73,-,4.63%
2016년 4월 5일,34.15,34.15,34.15,34.15,-,0.29%
2016년 4월 4일,34.05,34.05,34.05,34.05,-,-1.99%
2016년 4월 1일,34.74,34.74,34.74,34.74,-,-1.14%
2016년 3월 31일,35.14,35.14,35.14,35.14,-,-0.11%
2016년 3월 30일,35.18,35.18,35.18,35.18,-,0.20%
2016년 3월 29일,35.11,35.11,35.11,35.11,-,-0.31%
2016년 3월 28일,35.22,35.22,35.22,35.22,-,-0.03%
2016년 3월 24일,35.23,35.23,35.23,35.23,-,-0.23%
2016년 3월 23일,35.31,35.31,35.31,35.31,-,-1.29%
2016년 3월 22일,35.77,35.77,35.77,35.77,-,0.25%
2016년 3월 21일,35.68,35.68,35.68,35.68,-,0.34%
2016년 3월 18일,35.56,35.56,35.56,35.56,-,-0.14%
2016년 3월 17일,35.61,35.61,35.61,35.61,-,1.66%
2016년 3월 16일,35.03,35.03,35.03,35.03,-,2.52%
2016년 3월 15일,34.17,34.17,34.17,34.17,-,-0.99%
2016년 3월 14일,34.51,34.51,34.51,34.51,-,-1.37%
2016년 3월 11일,34.99,34.99,34.99,34.99,-,1.13%
2016년 3월 10일,34.6,34.6,34.6,34.6,-,-1.87%
2016년 3월 9일,35.26,35.26,35.26,35.26,-,2.59%
2016년 3월 8일,34.37,34.37,34.37,34.37,-,-2.83%
2016년 3월 7일,35.37,35.37,35.37,35.37,-,5.11%
2016년 3월 4일,33.65,33.65,33.65,33.65,-,4.18%
2016년 3월 3일,32.3,32.3,32.3,32.3,-,0.62%
2016년 3월 2일,32.1,32.1,32.1,32.1,-,-0.22%
2016년 3월 1일,32.17,32.17,32.17,32.17,-,9.80%
2016년 2월 29일,29.3,29.3,29.3,29.3,-,-0.20%
2016년 2월 26일,29.36,29.36,29.36,29.36,-,0.34%
2016년 2월 25일,29.26,29.26,29.26,29.26,-,-0.31%
2016년 2월 24일,29.35,29.35,29.35,29.35,-,0.17%
2016년 2월 23일,29.3,29.3,29.3,29.3,-,-0.88%
2016년 2월 22일,29.56,29.56,29.56,29.56,-,1.30%
2016년 2월 19일,29.18,29.18,29.18,29.18,-,-1.25%
2016년 2월 18일,29.55,29.55,29.55,29.55,-,-0.07%
2016년 2월 17일,29.57,29.57,29.57,29.57,-,3.72%
2016년 2월 16일,28.51,28.51,28.51,28.51,-,-1.49%
2016년 2월 12일,28.94,28.94,28.94,28.94,-,7.54%
2016년 2월 11일,26.91,26.91,26.91,26.91,-,-2.04%
2016년 2월 10일,27.47,27.47,27.47,27.47,-,-8.65%
2016년 2월 9일,30.07,30.07,30.07,30.07,-,0.00%
2016년 2월 8일,30.07,30.07,30.07,30.07,-,0.00%
2016년 2월 5일,30.07,30.07,30.07,30.07,-,-1.09%
2016년 2월 4일,30.4,30.4,30.4,30.4,-,-1.71%
2016년 2월 3일,30.93,30.93,30.93,30.93,-,8.60%
2016년 2월 2일,28.48,28.48,28.48,28.48,-,-4.91%
2016년 2월 1일,29.95,29.95,29.95,29.95,-,11.71%
2016년 1월 29일,26.81,26.81,26.81,26.81,-,0.07%
2016년 1월 28일,26.79,26.79,26.79,26.79,-,0.30%
2016년 1월 27일,26.71,26.71,26.71,26.71,-,0.41%
2016년 1월 26일,26.6,26.6,26.6,26.6,-,0.83%
2016년 1월 25일,26.38,26.38,26.38,26.38,-,-1.27%
2016년 1월 22일,26.72,26.72,26.72,26.72,-,2.69%
2016년 1월 21일,26.02,26.02,26.02,26.02,-,1.76%
2016년 1월 20일,25.57,25.57,25.57,25.57,-,-1.96%
2016년 1월 19일,26.08,26.08,26.08,26.08,-,-1.02%
2016년 1월 15일,26.35,26.35,26.35,26.35,-,-3.30%
2016년 1월 14일,27.25,27.25,27.25,27.25,-,0.85%
2016년 1월 13일,27.02,27.02,27.02,27.02,-,-1.13%
2016년 1월 12일,27.33,27.33,27.33,27.33,-,-1.90%
2016년 1월 11일,27.86,27.86,27.86,27.86,-,-4.46%
2016년 1월 8일,29.16,29.16,29.16,29.16,-,0.55%
2016년 1월 7일,29,29,29,29,-,0.03%
2016년 1월 6일,28.99,28.99,28.99,28.99,-,-6.03%
2016년 1월 5일,30.85,30.85,30.85,30.85,-,-3.89%
2016년 1월 4일,32.1,32.1,32.1,32.1,-,-7.20%
2015년 12월 31일,34.59,34.59,34.59,34.59,-,0.06%
2015년 12월 30일,34.57,34.57,34.57,34.57,-,-0.26%
2015년 12월 29일,34.66,34.66,34.66,34.66,-,0.23%
2015년 12월 28일,34.58,34.58,34.58,34.58,-,-0.43%
2015년 12월 24일,34.73,34.73,34.73,34.73,-,0.35%
2015년 12월 23일,34.61,34.61,34.61,34.61,-,0.67%
2015년 12월 22일,34.38,34.38,34.38,34.38,-,0.17%
2015년 12월 21일,34.32,34.32,34.32,34.32,-,-0.78%
2015년 12월 18일,34.59,34.59,34.59,34.59,-,-0.17%
2015년 12월 17일,34.65,34.65,34.65,34.65,-,-0.52%
2015년 12월 16일,34.83,34.83,34.83,34.83,-,-1.42%
2015년 12월 15일,35.33,35.33,35.33,35.33,-,0.00%
2015년 12월 14일,35.33,35.33,35.33,35.33,-,-0.28%
2015년 12월 11일,35.43,35.43,35.43,35.43,-,-2.18%
2015년 12월 10일,36.22,36.22,36.22,36.22,-,0.03%
2015년 12월 9일,36.21,36.21,36.21,36.21,-,-0.28%
2015년 12월 8일,36.31,36.31,36.31,36.31,-,-1.01%
2015년 12월 7일,36.68,36.68,36.68,36.68,-,-5.78%
2015년 12월 4일,38.93,38.93,38.93,38.93,-,-2.26%
2015년 12월 3일,39.83,39.83,39.83,39.83,-,3.24%
2015년 12월 2일,38.58,38.58,38.58,38.58,-,-4.67%
2015년 12월 1일,40.47,40.47,40.47,40.47,-,-2.93%
2015년 11월 30일,41.69,41.69,41.69,41.69,-,-0.02%
2015년 11월 27일,41.7,41.7,41.7,41.7,-,-0.55%
2015년 11월 25일,41.93,41.93,41.93,41.93,-,-0.02%
2015년 11월 24일,41.94,41.94,41.94,41.94,-,0.55%
2015년 11월 23일,41.71,41.71,41.71,41.71,-,-0.17%
2015년 11월 20일,41.78,41.78,41.78,41.78,-,0.31%
2015년 11월 19일,41.65,41.65,41.65,41.65,-,0.24%
2015년 11월 18일,41.55,41.55,41.55,41.55,-,0.61%
2015년 11월 17일,41.3,41.3,41.3,41.3,-,-1.01%
2015년 11월 16일,41.72,41.72,41.72,41.72,-,-0.93%
2015년 11월 13일,42.11,42.11,42.11,42.11,-,-1.03%
2015년 11월 12일,42.55,42.55,42.55,42.55,-,-1.78%
2015년 11월 11일,43.32,43.32,43.32,43.32,-,-2.28%
2015년 11월 10일,44.33,44.33,44.33,44.33,-,0.38%
2015년 11월 9일,44.16,44.16,44.16,44.16,-,-0.54%
2015년 11월 6일,44.4,44.4,44.4,44.4,-,-0.67%
2015년 11월 5일,44.7,44.7,44.7,44.7,-,-1.28%
2015년 11월 4일,45.28,45.28,45.28,45.28,-,-3.70%
2015년 11월 3일,47.02,47.02,47.02,47.02,-,3.34%
2015년 11월 2일,45.5,45.5,45.5,45.5,-,-0.74%
2015년 10월 30일,45.84,45.84,45.84,45.84,-,-0.17%
2015년 10월 29일,45.92,45.92,45.92,45.92,-,-0.09%
2015년 10월 28일,45.96,45.96,45.96,45.96,-,0.57%
2015년 10월 27일,45.7,45.7,45.7,45.7,-,-0.20%
2015년 10월 26일,45.79,45.79,45.79,45.79,-,-0.24%
2015년 10월 23일,45.9,45.9,45.9,45.9,-,-0.07%
2015년 10월 22일,45.93,45.93,45.93,45.93,-,0.02%
2015년 10월 21일,45.92,45.92,45.92,45.92,-,-0.33%
2015년 10월 20일,46.07,46.07,46.07,46.07,-,-0.35%
2015년 10월 19일,46.23,46.23,46.23,46.23,-,-1.93%
2015년 10월 16일,47.14,47.14,47.14,47.14,-,0.47%
2015년 10월 15일,46.92,46.92,46.92,46.92,-,0.19%
2015년 10월 14일,46.83,46.83,46.83,46.83,-,-0.06%
2015년 10월 13일,46.86,46.86,46.86,46.86,-,-0.62%
2015년 10월 12일,47.15,47.15,47.15,47.15,-,-3.32%
2015년 10월 9일,48.77,48.77,48.77,48.77,-,-0.91%
2015년 10월 8일,49.22,49.22,49.22,49.22,-,2.41%
2015년 10월 7일,48.06,48.06,48.06,48.06,-,-1.29%
2015년 10월 6일,48.69,48.69,48.69,48.69,-,4.84%
2015년 10월 5일,46.44,46.44,46.44,46.44,-,2.43%
2015년 10월 2일,45.34,45.34,45.34,45.34,-,-0.90%
2015년 10월 1일,45.75,45.75,45.75,45.75,-,0.82%
2015년 9월 30일,45.38,45.38,45.38,45.38,-,-0.02%
2015년 9월 29일,45.39,45.39,45.39,45.39,-,0.11%
2015년 9월 28일,45.34,45.34,45.34,45.34,-,-0.31%
2015년 9월 25일,45.48,45.48,45.48,45.48,-,0.02%
2015년 9월 24일,45.47,45.47,45.47,45.47,-,0.20%
2015년 9월 23일,45.38,45.38,45.38,45.38,-,-0.70%
2015년 9월 22일,45.7,45.7,45.7,45.7,-,0.02%
2015년 9월 21일,45.69,45.69,45.69,45.69,-,1.22%
2015년 9월 18일,45.14,45.14,45.14,45.14,-,-1.18%
2015년 9월 17일,45.68,45.68,45.68,45.68,-,-0.46%
2015년 9월 16일,45.89,45.89,45.89,45.89,-,0.95%
2015년 9월 15일,45.46,45.46,45.46,45.46,-,-0.22%
2015년 9월 14일,45.56,45.56,45.56,45.56,-,-2.06%
2015년 9월 11일,46.52,46.52,46.52,46.52,-,-1.06%
2015년 9월 10일,47.02,47.02,47.02,47.02,-,2.06%
2015년 9월 9일,46.07,46.07,46.07,46.07,-,-2.68%
2015년 9월 8일,47.34,47.34,47.34,47.34,-,-0.50%
2015년 9월 4일,47.58,47.58,47.58,47.58,-,-2.00%
2015년 9월 3일,48.55,48.55,48.55,48.55,-,0.60%
2015년 9월 2일,48.26,48.26,48.26,48.26,-,1.41%
2015년 9월 1일,47.59,47.59,47.59,47.59,-,-9.71%
2015년 8월 31일,52.71,52.71,52.71,52.71,-,10.39%
2015년 8월 28일,47.75,47.75,47.75,47.75,-,0.27%
2015년 8월 27일,47.62,47.62,47.62,47.62,-,1.15%
2015년 8월 26일,47.08,47.08,47.08,47.08,-,0.06%
2015년 8월 25일,47.05,47.05,47.05,47.05,-,0.41%
2015년 8월 24일,46.86,46.86,46.86,46.86,-,-1.74%
2015년 8월 21일,47.69,47.69,47.69,47.69,-,-1.08%
2015년 8월 20일,48.21,48.21,48.21,48.21,-,-0.35%
2015년 8월 19일,48.38,48.38,48.38,48.38,-,-1.51%
2015년 8월 18일,49.12,49.12,49.12,49.12,-,-0.37%
2015년 8월 17일,49.3,49.3,49.3,49.3,-,-0.60%
2015년 8월 14일,49.6,49.6,49.6,49.6,-,-0.48%
2015년 8월 13일,49.84,49.84,49.84,49.84,-,-0.84%
2015년 8월 12일,50.26,50.26,50.26,50.26,-,1.39%
2015년 8월 11일,49.57,49.57,49.57,49.57,-,-2.13%
2015년 8월 10일,50.65,50.65,50.65,50.65,-,1.79%
2015년 8월 7일,49.76,49.76,49.76,49.76,-,-0.34%
2015년 8월 6일,49.93,49.93,49.93,49.93,-,-0.04%
2015년 8월 5일,49.95,49.95,49.95,49.95,-,-0.28%
2015년 8월 4일,50.09,50.09,50.09,50.09,-,1.15%
2015년 8월 3일,49.52,49.52,49.52,49.52,-,-11.84%
2015년 7월 30일,56.17,56.17,56.17,56.17,-,0.09%
2015년 7월 29일,56.12,56.12,56.12,56.12,-,0.02%
2015년 7월 28일,56.11,56.11,56.11,56.11,-,0.05%
2015년 7월 27일,56.08,56.08,56.08,56.08,-,-0.32%
2015년 7월 24일,56.26,56.26,56.26,56.26,-,-0.20%
2015년 7월 23일,56.37,56.37,56.37,56.37,-,-0.39%
2015년 7월 22일,56.59,56.59,56.59,56.59,-,-0.44%
2015년 7월 21일,56.84,56.84,56.84,56.84,-,0.25%
2015년 7월 20일,56.7,56.7,56.7,56.7,-,-0.46%
2015년 7월 17일,56.96,56.96,56.96,56.96,-,0.21%
2015년 7월 16일,56.84,56.84,56.84,56.84,-,-0.23%
2015년 7월 15일,56.97,56.97,56.97,56.97,-,-1.79%
2015년 7월 14일,58.01,58.01,58.01,58.01,-,0.19%
2015년 7월 13일,57.9,57.9,57.9,57.9,-,-0.86%
2015년 7월 10일,58.4,58.4,58.4,58.4,-,0.24%
2015년 7월 9일,58.26,58.26,58.26,58.26,-,1.80%
2015년 7월 8일,57.23,57.23,57.23,57.23,-,0.72%
2015년 7월 7일,56.82,56.82,56.82,56.82,-,0.83%
2015년 7월 6일,56.35,56.35,56.35,56.35,-,-7.85%
2015년 7월 2일,61.15,61.15,61.15,61.15,-,-0.15%
2015년 7월 1일,61.24,61.24,61.24,61.24,-,-0.89%
2015년 6월 30일,61.79,61.79,61.79,61.79,-,0.05%
2015년 6월 29일,61.76,61.76,61.76,61.76,-,-0.24%
2015년 6월 26일,61.91,61.91,61.91,61.91,-,0.05%
2015년 6월 25일,61.88,61.88,61.88,61.88,-,-0.02%
2015년 6월 24일,61.89,61.89,61.89,61.89,-,-0.19%
2015년 6월 23일,62.01,62.01,62.01,62.01,-,0.50%
2015년 6월 22일,61.7,61.7,61.7,61.7,-,0.24%
2015년 6월 19일,61.55,61.55,61.55,61.55,-,-0.87%
2015년 6월 18일,62.09,62.09,62.09,62.09,-,0.26%
2015년 6월 17일,61.93,61.93,61.93,61.93,-,0.34%
2015년 6월 16일,61.72,61.72,61.72,61.72,-,-0.48%
2015년 6월 15일,62.02,62.02,62.02,62.02,-,-0.66%
2015년 6월 12일,62.43,62.43,62.43,62.43,-,-1.00%
2015년 6월 11일,63.06,63.06,63.06,63.06,-,-0.16%
2015년 6월 10일,63.16,63.16,63.16,63.16,-,1.12%
2015년 6월 9일,62.46,62.46,62.46,62.46,-,2.38%
2015년 6월 8일,61.01,61.01,61.01,61.01,-,-1.04%
2015년 6월 5일,61.65,61.65,61.65,61.65,-,1.75%
2015년 6월 4일,60.59,60.59,60.59,60.59,-,-2.64%
2015년 6월 3일,62.23,62.23,62.23,62.23,-,-2.35%
2015년 6월 2일,63.73,63.73,63.73,63.73,-,1.05%
2015년 6월 1일,63.07,63.07,63.07,63.07,-,-0.77%
2015년 5월 29일,63.56,63.56,63.56,63.56,-,0.09%
2015년 5월 28일,63.5,63.5,63.5,63.5,-,0.19%
2015년 5월 27일,63.38,63.38,63.38,63.38,-,-0.19%
2015년 5월 26일,63.5,63.5,63.5,63.5,-,-0.30%
2015년 5월 22일,63.69,63.69,63.69,63.69,-,-0.61%
2015년 5월 21일,64.08,64.08,64.08,64.08,-,0.68%
2015년 5월 20일,63.65,63.65,63.65,63.65,-,0.89%
2015년 5월 19일,63.09,63.09,63.09,63.09,-,-1.88%
2015년 5월 18일,64.3,64.3,64.3,64.3,-,-0.43%
2015년 5월 15일,64.58,64.58,64.58,64.58,-,-0.11%
2015년 5월 14일,64.65,64.65,64.65,64.65,-,-0.40%
2015년 5월 13일,64.91,64.91,64.91,64.91,-,-0.06%
2015년 5월 12일,64.95,64.95,64.95,64.95,-,1.93%
2015년 5월 11일,63.72,63.72,63.72,63.72,-,-0.39%
2015년 5월 8일,63.97,63.97,63.97,63.97,-,0.11%
2015년 5월 7일,63.9,63.9,63.9,63.9,-,-2.65%
2015년 5월 6일,65.64,65.64,65.64,65.64,-,0.78%
2015년 5월 5일,65.13,65.13,65.13,65.13,-,1.54%
2015년 5월 4일,64.14,64.14,64.14,64.14,0.01K,-0.16%
2015년 5월 1일,64.24,64.24,64.24,64.24,-,9.72%
2015년 4월 30일,58.55,58.55,58.55,58.55,-,0.07%
2015년 4월 29일,58.51,58.51,58.51,58.51,-,0.12%
2015년 4월 28일,58.44,58.44,58.44,58.44,-,-0.03%
2015년 4월 27일,58.46,58.46,58.46,58.46,-,0.03%
2015년 4월 24일,58.44,58.44,58.44,58.44,-,0.09%
2015년 4월 23일,58.39,58.39,58.39,58.39,-,0.76%
2015년 4월 22일,57.95,57.95,57.95,57.95,-,0.38%
2015년 4월 21일,57.73,57.73,57.73,57.73,-,-1.18%
2015년 4월 20일,58.42,58.42,58.42,58.42,-,-0.02%
2015년 4월 17일,58.43,58.43,58.43,58.43,-,-0.53%
2015년 4월 16일,58.74,58.74,58.74,58.74,-,-0.10%
2015년 4월 15일,58.8,58.8,58.8,58.8,-,3.30%
2015년 4월 14일,56.92,56.92,56.92,56.92,-,1.16%
2015년 4월 13일,56.27,56.27,56.27,56.27,-,0.50%
2015년 4월 10일,55.99,55.99,55.99,55.99,-,1.95%
2015년 4월 9일,54.92,54.92,54.92,54.92,-,1.65%
2015년 4월 8일,54.03,54.03,54.03,54.03,-,-5.21%
2015년 4월 7일,57,57,57,57,-,1.35%
2015년 4월 6일,56.24,56.24,56.24,56.24,-,2.57%
2015년 4월 3일,54.83,54.83,54.83,54.83,-,0.00%
2015년 4월 2일,54.83,54.83,54.83,54.83,0.01K,-1.15%
2015년 4월 1일,55.47,55.47,55.47,55.47,0.01K,1.48%
2015년 3월 31일,54.66,54.66,54.66,54.66,-,0.04%
2015년 3월 30일,54.64,54.64,54.64,54.64,-,-0.09%
2015년 3월 27일,54.69,54.69,54.69,54.69,-,-0.62%
2015년 3월 26일,55.03,55.03,55.03,55.03,-,0.82%
2015년 3월 25일,54.58,54.58,54.58,54.58,-,0.46%
2015년 3월 24일,54.33,54.33,54.33,54.33,-,-0.26%
2015년 3월 23일,54.47,54.47,54.47,54.47,-,0.28%
2015년 3월 20일,54.32,54.32,54.32,54.32,-,0.84%
2015년 3월 19일,53.87,53.87,53.87,53.87,-,-1.28%
2015년 3월 18일,54.57,54.57,54.57,54.57,-,1.83%
2015년 3월 17일,53.59,53.59,53.59,53.59,-,-0.65%
2015년 3월 16일,53.94,53.94,53.94,53.94,-,-0.77%
2015년 3월 13일,54.36,54.36,54.36,54.36,-,-2.12%
2015년 3월 12일,55.54,55.54,55.54,55.54,-,-0.66%
2015년 3월 11일,55.91,55.91,55.91,55.91,-,1.47%
2015년 3월 10일,55.1,55.1,55.1,55.1,-,-2.70%
2015년 3월 9일,56.63,56.63,56.63,56.63,-,-1.36%
2015년 3월 6일,57.41,57.41,57.41,57.41,-,-0.78%
2015년 3월 5일,57.86,57.86,57.86,57.86,-,-0.48%
2015년 3월 4일,58.14,58.14,58.14,58.14,-,-0.90%
2015년 3월 3일,58.67,58.67,58.67,58.67,-,2.88%
2015년 3월 2일,57.03,57.03,57.03,57.03,-,2.87%
2015년 2월 27일,55.44,55.44,55.44,55.44,-,0.20%
2015년 2월 26일,55.33,55.33,55.33,55.33,-,-0.23%
2015년 2월 25일,55.46,55.46,55.46,55.46,-,0.67%
2015년 2월 24일,55.09,55.09,55.09,55.09,-,-0.27%
2015년 2월 23일,55.24,55.24,55.24,55.24,-,-1.74%
2015년 2월 20일,56.22,56.22,56.22,56.22,-,0.00%
2015년 2월 19일,56.22,56.22,56.22,56.22,-,0.00%
2015년 2월 18일,56.22,56.22,56.22,56.22,-,0.05%
2015년 2월 17일,56.19,56.19,56.19,56.19,-,0.61%
2015년 2월 13일,55.85,55.85,55.85,55.85,-,1.14%
2015년 2월 12일,55.22,55.22,55.22,55.22,-,3.64%
2015년 2월 11일,53.28,53.28,53.28,53.28,-,-0.97%
2015년 2월 10일,53.8,53.8,53.8,53.8,-,-1.91%
2015년 2월 9일,54.85,54.85,54.85,54.85,-,0.68%
2015년 2월 6일,54.48,54.48,54.48,54.48,-,1.53%
2015년 2월 5일,53.66,53.66,53.66,53.66,-,-0.70%
2015년 2월 4일,54.04,54.04,54.04,54.04,-,2.17%
2015년 2월 3일,52.89,52.89,52.89,52.89,-,1.32%
2015년 2월 2일,52.2,52.2,52.2,52.2,-,14.55%
2015년 1월 30일,45.57,45.57,45.57,45.57,-,0.00%
2015년 1월 29일,45.57,45.57,45.57,45.57,-,0.09%
2015년 1월 28일,45.53,45.53,45.53,45.53,-,-0.24%
2015년 1월 27일,45.64,45.64,45.64,45.64,-,0.48%
2015년 1월 26일,45.42,45.42,45.42,45.42,-,-0.22%
2015년 1월 23일,45.52,45.52,45.52,45.52,-,0.26%
2015년 1월 22일,45.4,45.4,45.4,45.4,-,-0.31%
2015년 1월 21일,45.54,45.54,45.54,45.54,-,0.55%
2015년 1월 20일,45.29,45.29,45.29,45.29,-,-1.80%
2015년 1월 16일,46.12,46.12,46.12,46.12,-,1.18%
2015년 1월 15일,45.58,45.58,45.58,45.58,-,-1.98%
2015년 1월 14일,46.5,46.5,46.5,46.5,-,2.51%
2015년 1월 13일,45.36,45.36,45.36,45.36,-,-1.28%
2015년 1월 12일,45.95,45.95,45.95,45.95,-,-3.69%
2015년 1월 9일,47.71,47.71,47.71,47.71,-,-0.62%
2015년 1월 8일,48.01,48.01,48.01,48.01,-,-0.46%
2015년 1월 7일,48.23,48.23,48.23,48.23,-,0.10%
2015년 1월 6일,48.18,48.18,48.18,48.18,-,-2.63%
2015년 1월 5일,49.48,49.48,49.48,49.48,-,-7.86%
2015년 1월 2일,53.7,53.7,53.7,53.7,-,-10.66%
2014년 12월 31일,60.11,60.11,60.11,60.11,-,-0.07%
2014년 12월 30일,60.15,60.15,60.15,60.15,-,-0.15%
2014년 12월 29일,60.24,60.24,60.24,60.24,-,-0.28%
2014년 12월 26일,60.41,60.41,60.41,60.41,-,-0.02%
2014년 12월 24일,60.42,60.42,60.42,60.42,-,-0.41%
2014년 12월 23일,60.67,60.67,60.67,60.67,-,0.60%
2014년 12월 22일,60.31,60.31,60.31,60.31,-,-0.49%
2014년 12월 19일,60.61,60.61,60.61,60.61,-,0.92%
2014년 12월 18일,60.06,60.06,60.06,60.06,-,-1.12%
2014년 12월 17일,60.74,60.74,60.74,60.74,-,0.55%
2014년 12월 16일,60.41,60.41,60.41,60.41,-,-1.19%
2014년 12월 15일,61.14,61.14,61.14,61.14,-,-0.71%
2014년 12월 12일,61.58,61.58,61.58,61.58,-,-1.68%
2014년 12월 11일,62.63,62.63,62.63,62.63,-,-0.45%
2014년 12월 10일,62.91,62.91,62.91,62.91,-,-2.77%
2014년 12월 9일,64.7,64.7,64.7,64.7,-,0.72%
2014년 12월 8일,64.24,64.24,64.24,64.24,-,-2.96%
2014년 12월 5일,66.2,66.2,66.2,66.2,-,-1.12%
2014년 12월 4일,66.95,66.95,66.95,66.95,-,-0.18%
2014년 12월 3일,67.07,67.07,67.07,67.07,-,-1.43%
2014년 12월 2일,68.04,68.04,68.04,68.04,-,-2.92%
2014년 12월 1일,70.09,70.09,70.09,70.09,-,-8.18%
2014년 11월 28일,76.33,76.33,76.33,76.33,-,-0.38%
2014년 11월 26일,76.62,76.62,76.62,76.62,-,-0.14%
2014년 11월 25일,76.73,76.73,76.73,76.73,-,-0.29%
2014년 11월 24일,76.95,76.95,76.95,76.95,-,-0.10%
2014년 11월 21일,77.03,77.03,77.03,77.03,-,0.51%
2014년 11월 20일,76.64,76.64,76.64,76.64,-,0.45%
2014년 11월 19일,76.3,76.3,76.3,76.3,-,-0.24%
2014년 11월 18일,76.48,76.48,76.48,76.48,-,-0.48%
2014년 11월 17일,76.85,76.85,76.85,76.85,-,0.00%
2014년 11월 14일,76.85,76.85,76.85,76.85,-,0.93%
2014년 11월 13일,76.14,76.14,76.14,76.14,-,-2.67%
2014년 11월 12일,78.23,78.23,78.23,78.23,-,-0.77%
2014년 11월 11일,78.84,78.84,78.84,78.84,-,-0.71%
2014년 11월 10일,79.4,79.4,79.4,79.4,-,-0.99%
2014년 11월 7일,80.19,80.19,80.19,80.19,-,0.31%
2014년 11월 6일,79.94,79.94,79.94,79.94,-,-0.24%
2014년 11월 5일,80.13,80.13,80.13,80.13,-,-0.12%
2014년 11월 4일,80.23,80.23,80.23,80.23,-,-2.29%
2014년 11월 3일,82.11,82.11,82.11,82.11,-,-5.22%
2014년 10월 31일,86.63,86.63,86.63,86.63,-,-0.03%
2014년 10월 30일,86.66,86.66,86.66,86.66,-,-0.10%
2014년 10월 29일,86.75,86.75,86.75,86.75,-,0.13%
2014년 10월 28일,86.64,86.64,86.64,86.64,-,0.13%
2014년 10월 27일,86.53,86.53,86.53,86.53,-,-0.09%
2014년 10월 24일,86.61,86.61,86.61,86.61,-,-0.09%
2014년 10월 23일,86.69,86.69,86.69,86.69,-,0.41%
2014년 10월 22일,86.34,86.34,86.34,86.34,-,-0.58%
2014년 10월 21일,86.84,86.84,86.84,86.84,-,0.00%
2014년 10월 20일,86.84,86.84,86.84,86.84,-,-0.33%
2014년 10월 17일,87.13,87.13,87.13,87.13,-,0.09%
2014년 10월 16일,87.05,87.05,87.05,87.05,-,1.12%
2014년 10월 15일,86.09,86.09,86.09,86.09,-,-1.23%
2014년 10월 14일,87.16,87.16,87.16,87.16,-,-2.42%
2014년 10월 13일,89.32,89.32,89.32,89.32,-,-0.37%
2014년 10월 10일,89.65,89.65,89.65,89.65,-,0.31%
2014년 10월 9일,89.37,89.37,89.37,89.37,-,-1.16%
2014년 10월 8일,90.42,90.42,90.42,90.42,-,-0.76%
2014년 10월 7일,91.11,91.11,91.11,91.11,-,-1.51%
2014년 10월 6일,92.51,92.51,92.51,92.51,-,1.26%
2014년 10월 3일,91.36,91.36,91.36,91.36,-,-0.91%
2014년 10월 2일,92.2,92.2,92.2,92.2,-,-0.84%
2014년 10월 1일,92.98,92.98,92.98,92.98,-,-3.62%
2014년 9월 30일,96.47,96.47,96.47,96.47,-,-0.02%
2014년 9월 29일,96.49,96.49,96.49,96.49,-,-0.01%
2014년 9월 26일,96.5,96.5,96.5,96.5,-,-0.04%
2014년 9월 25일,96.54,96.54,96.54,96.54,-,0.02%
2014년 9월 24일,96.52,96.52,96.52,96.52,-,0.04%
2014년 9월 23일,96.48,96.48,96.48,96.48,-,-0.02%
2014년 9월 22일,96.5,96.5,96.5,96.5,-,-0.44%
2014년 9월 19일,96.93,96.93,96.93,96.93,-,0.25%
2014년 9월 18일,96.69,96.69,96.69,96.69,-,-0.56%
2014년 9월 17일,97.23,97.23,97.23,97.23,-,-0.11%
2014년 9월 16일,97.34,97.34,97.34,97.34,-,0.28%
2014년 9월 15일,97.07,97.07,97.07,97.07,-,0.06%
2014년 9월 12일,97.01,97.01,97.01,97.01,-,-0.36%
2014년 9월 11일,97.36,97.36,97.36,97.36,-,0.14%
2014년 9월 10일,97.22,97.22,97.22,97.22,-,-0.79%
2014년 9월 9일,97.99,97.99,97.99,97.99,-,-0.46%
2014년 9월 8일,98.44,98.44,98.44,98.44,-,-0.37%
2014년 9월 5일,98.81,98.81,98.81,98.81,-,-0.93%
2014년 9월 4일,99.74,99.74,99.74,99.74,-,-1.18%
2014년 9월 3일,100.93,100.93,100.93,100.93,-,2.28%
2014년 9월 2일,98.68,98.68,98.68,98.68,-,-3.00%
2014년 8월 29일,101.73,101.73,101.73,101.73,-,-0.03%
2014년 8월 28일,101.76,101.76,101.76,101.76,-,-0.03%
2014년 8월 27일,101.79,101.79,101.79,101.79,-,0.12%
2014년 8월 26일,101.67,101.67,101.67,101.67,-,0.01%
2014년 8월 25일,101.66,101.66,101.66,101.66,-,0.09%
2014년 8월 22일,101.57,101.57,101.57,101.57,-,-0.21%
2014년 8월 21일,101.78,101.78,101.78,101.78,-,0.03%
2014년 8월 20일,101.75,101.75,101.75,101.75,-,0.16%
2014년 8월 19일,101.59,101.59,101.59,101.59,-,-0.02%
2014년 8월 18일,101.61,101.61,101.61,101.61,-,-0.81%
2014년 8월 15일,102.44,102.44,102.44,102.44,-,0.65%
2014년 8월 14일,101.78,101.78,101.78,101.78,-,-1.74%
2014년 8월 13일,103.58,103.58,103.58,103.58,-,0.73%
2014년 8월 12일,102.83,102.83,102.83,102.83,-,-0.70%
2014년 8월 11일,103.55,103.55,103.55,103.55,-,-0.06%
2014년 8월 8일,103.61,103.61,103.61,103.61,-,-0.30%
2014년 8월 7일,103.92,103.92,103.92,103.92,-,0.83%
2014년 8월 6일,103.06,103.06,103.06,103.06,-,-0.02%
2014년 8월 5일,103.08,103.08,103.08,103.08,-,-1.12%
2014년 8월 4일,104.25,104.25,104.25,104.25,-,0.78%
2014년 8월 1일,103.44,103.44,103.44,103.44,-,-2.55%
2014년 7월 31일,106.15,106.15,106.15,106.15,-,-0.05%
2014년 7월 30일,106.2,106.2,106.2,106.2,-,-0.09%
2014년 7월 29일,106.3,106.3,106.3,106.3,-,0.11%
2014년 7월 28일,106.18,106.18,106.18,106.18,-,-0.22%
2014년 7월 25일,106.41,106.41,106.41,106.41,-,0.24%
2014년 7월 24일,106.16,106.16,106.16,106.16,-,-0.19%
2014년 7월 23일,106.36,106.36,106.36,106.36,-,0.11%
2014년 7월 22일,106.24,106.24,106.24,106.24,-,0.02%
2014년 7월 21일,106.22,106.22,106.22,106.22,-,0.24%
2014년 7월 18일,105.97,105.97,105.97,105.97,-,-0.37%
2014년 7월 17일,106.36,106.36,106.36,106.36,-,0.40%
2014년 7월 16일,105.94,105.94,105.94,105.94,-,0.05%
2014년 7월 15일,105.89,105.89,105.89,105.89,-,-0.28%
2014년 7월 14일,106.19,106.19,106.19,106.19,-,0.38%
2014년 7월 11일,105.79,105.79,105.79,105.79,-,-1.00%
2014년 7월 10일,106.86,106.86,106.86,106.86,-,0.27%
2014년 7월 9일,106.57,106.57,106.57,106.57,-,1.30%
2014년 7월 8일,105.2,105.2,105.2,105.2,-,0.00%
2014년 7월 7일,105.2,105.2,105.2,105.2,-,0.00%
2014년 7월 3일,105.2,105.2,105.2,105.2,-,0.00%
2014년 7월 2일,105.2,105.2,105.2,105.2,-,0.00%
2014년 7월 1일,105.2,105.2,105.2,105.2,-,1.15%
2014년 6월 27일,104,104,104,104,-,0.00%
2014년 6월 26일,104,104,104,104,-,0.00%
2014년 6월 25일,104,104,104,104,-,0.00%
2014년 6월 24일,104,104,104,104,-,0.00%
2014년 6월 23일,104,104,104,104,-,0.00%
2014년 6월 20일,104,104,104,104,-,0.00%
2014년 6월 19일,104,104,104,104,-,0.00%
2014년 6월 18일,104,104,104,104,-,0.00%
2014년 6월 17일,104,104,104,104,-,0.00%
2014년 6월 16일,104,104,104,104,-,0.00%
2014년 6월 13일,104,104,104,104,-,0.00%
2014년 6월 12일,104,104,104,104,-,0.00%
2014년 6월 11일,104,104,104,104,-,0.00%
2014년 6월 10일,104,104,104,104,-,0.00%
2014년 6월 9일,104,104,104,104,-,0.00%
2014년 6월 6일,104,104,104,104,-,0.00%
2014년 6월 5일,104,104,104,104,-,0.00%
2014년 6월 4일,104,104,104,104,-,0.00%
2014년 6월 3일,104,104,104,104,-,0.00%
2014년 6월 2일,104,104,104,104,-,0.00%
2014년 5월 29일,104,104,104,104,-,0.00%
2014년 5월 28일,104,104,104,104,-,0.00%
2014년 5월 27일,104,104,104,104,-,0.00%
2014년 5월 23일,104,104,104,104,-,0.00%
2014년 5월 22일,104,104,104,104,-,0.00%
2014년 5월 21일,104,104,104,104,-,0.00%
2014년 5월 20일,104,104,104,104,-,0.00%
2014년 5월 19일,104,104,104,104,-,0.00%
2014년 5월 16일,104,104,104,104,-,0.00%
2014년 5월 15일,104,104,104,104,-,0.00%
2014년 5월 14일,104,104,104,104,-,0.00%
2014년 5월 13일,104,104,104,104,-,0.00%
2014년 5월 12일,104,104,104,104,-,0.00%
2014년 5월 9일,104,104,104,104,-,0.00%
2014년 5월 8일,104,104,104,104,-,0.00%
2014년 5월 7일,104,104,104,104,-,0.00%
2014년 5월 6일,104,104,104,104,-,0.00%
2014년 5월 5일,104,104,104,104,-,0.00%
2014년 5월 2일,104,104,104,104,-,0.00%
2014년 5월 1일,104,104,104,104,-,0.00%
2014년 4월 30일,104,104,104,104,-,0.00%
2014년 4월 29일,104,104,104,104,-,0.00%
2014년 4월 28일,104,104,104,104,-,0.00%